Ldon gene	Lbraz gene	% identity	length	mismatch
LdBPK_020060.1	LBRM2903_020005700	67.7	235	76
LdBPK_030840.1	LBRM2903_030013600	67.7	1558	437
LdBPK_070070.1	LBRM2903_070010600	67.7	643	172
LdBPK_071240.1	LBRM2903_070020500	67.7	452	123
LdBPK_151180.1	LBRM2903_150018500	67.7	2795	735
LdBPK_201120.1	LBRM2903_200067300	67.7	1960	590
LdBPK_231760.1	LBRM2903_230026900	67.7	130	42
LdBPK_241200.1	LBRM2903_240018000	67.7	1191	354
LdBPK_261050.1	LBRM2903_260015900	67.7	461	148
LdBPK_310400.1	LBRM2903_310011500	67.7	1405	425
LdBPK_044300.1	LBRM2903_200039000	67.7	248	79
LdBPK_342820.1	LBRM2903_200037700	67.7	415	133
LdBPK_343040.1	LBRM2903_200041800	67.7	694	205
LdBPK_354450.1	LBRM2903_340053700	67.7	93	28
LdBPK_366120.1	LBRM2903_350072900	67.7	711	227
LdBPK_070630.1	LBRM2903_070012800	67.6	1375	430
LdBPK_130720.1	LBRM2903_130012200	67.6	1266	367
LdBPK_171090.1	LBRM2903_170017900	67.6	3705	1056
LdBPK_190480.1	LBRM2903_190012700	67.6	262	79
LdBPK_221100.1	LBRM2903_220017400	67.6	392	122
LdBPK_281770.1	LBRM2903_280024400	67.6	1376	404
LdBPK_282060.1	LBRM2903_280027500	67.6	678	215
LdBPK_303800.1	LBRM2903_300045200	67.6	222	72
LdBPK_322100.1	LBRM2903_320028300	67.6	148	48
LdBPK_330100.1	LBRM2903_330005900	67.6	330	107
LdBPK_353470.1	LBRM2903_340042100	67.6	188	61
LdBPK_020480.1	LBRM2903_020010700	67.5	163	53
LdBPK_040510.1	LBRM2903_040010800	67.5	953	267
LdBPK_060610.1	LBRM2903_060011700	67.5	1513	469
LdBPK_091371.1	LBRM2903_090020400	67.5	345	110
LdBPK_141230.1	LBRM2903_140017600	67.5	348	77
LdBPK_230400.1	LBRM2903_230009600	67.5	366	108
LdBPK_281380.1	LBRM2903_280020000	67.5	446	138
LdBPK_291750.1	LBRM2903_290024200	67.5	378	121
LdBPK_302790.1	LBRM2903_300034000	67.5	332	108
LdBPK_330850.1	LBRM2903_330014600	67.5	1626	525
LdBPK_343640.1	LBRM2903_200048300	67.5	228	74
LdBPK_351330.1	LBRM2903_340018800	67.5	1703	536
LdBPK_360590.1	LBRM2903_350011800	67.5	317	103
LdBPK_362400.1	LBRM2903_350032000	67.5	465	146
LdBPK_040690.1	LBRM2903_040013100	67.4	767	173
LdBPK_091270.1	LBRM2903_090019200	67.4	420	112
LdBPK_171160.1	LBRM2903_170018600	67.4	800	222
LdBPK_200350.1	LBRM2903_200059100	67.4	482	142
LdBPK_240800.1	LBRM2903_240013900	67.4	291	85
LdBPK_242010.1	LBRM2903_240027800	67.4	715	195
LdBPK_250360.1	LBRM2903_250008800	67.4	752	234
LdBPK_271910.1	LBRM2903_270028300	67.4	1027	303
LdBPK_302310.1	LBRM2903_300028900	67.4	1311	419
LdBPK_310880.1	LBRM2903_310016800	67.4	334	106
LdBPK_321640.1	LBRM2903_320023600	67.4	470	144
LdBPK_323610.1	LBRM2903_320045400	67.4	135	43
LdBPK_332360.1	LBRM2903_330032800	67.4	626	200
LdBPK_333090.1	LBRM2903_330040200	67.4	1541	398
LdBPK_360400.1	LBRM2903_350010000	67.4	454	145
LdBPK_366430.1	LBRM2903_350076400	67.4	340	110
LdBPK_090730.1	LBRM2903_090012500	67.3	199	65
LdBPK_120110.1	LBRM2903_120006200	67.3	900	280
LdBPK_131150.1	LBRM2903_130016600	67.3	150	44
LdBPK_150680.1	LBRM2903_150010600	67.3	712	211
LdBPK_190880.1	LBRM2903_190018100	67.3	868	258
LdBPK_261430.1	LBRM2903_260019800	67.3	1398	429
LdBPK_270600.1	LBRM2903_270014000	67.3	110	36
LdBPK_271930.1	LBRM2903_270029000	67.3	245	79
LdBPK_312850.1	LBRM2903_310040900	67.3	593	189
LdBPK_330940.1	LBRM2903_330015600	67.3	581	189
LdBPK_350560.1	LBRM2903_340010600	67.3	1111	314
LdBPK_351830.1	LBRM2903_340023800	67.3	147	47
LdBPK_361150.1	LBRM2903_350018000	67.3	150	49
LdBPK_010070.1	LBRM2903_010005600	67.2	609	169
LdBPK_040370.1	LBRM2903_040008900	67.2	238	70
LdBPK_050370.1	LBRM2903_050008700	67.2	338	98
LdBPK_050610.1	LBRM2903_050011400	67.2	1004	293
LdBPK_060200.1	LBRM2903_060007200	67.2	500	152
LdBPK_120450.1	LBRM2903_120010300	67.2	317	103
LdBPK_170630.1	LBRM2903_170011700	67.2	1227	361
LdBPK_262070.1	LBRM2903_260024600	67.2	1361	434
LdBPK_270280.1	LBRM2903_270007900	67.2	1072	336
LdBPK_282120.1	LBRM2903_280028000	67.2	781	226
LdBPK_292960.1	LBRM2903_290036900	67.2	122	40
LdBPK_312930.1	LBRM2903_310041800	67.2	595	195
LdBPK_322500.1	LBRM2903_320033400	67.2	549	179
LdBPK_323680.1	LBRM2903_320046600	67.2	638	207
LdBPK_331290.1	LBRM2903_330019400	67.2	647	173
LdBPK_352870.1	LBRM2903_340035800	67.2	521	170
LdBPK_366500.1	LBRM2903_350077100	67.2	741	239
LdBPK_366510.1	LBRM2903_350077200	67.2	296	93
LdBPK_010480.1	LBRM2903_010010100	67.1	981	273
LdBPK_050290.1	LBRM2903_050007800	67.1	173	57
LdBPK_050410.1	LBRM2903_050009300	67.1	925	279
LdBPK_090210.1	LBRM2903_090006900	67.1	73	24
LdBPK_130500.1	LBRM2903_130009600	67.1	277	88
LdBPK_190520.1	LBRM2903_190013100	67.1	486	160
LdBPK_190610.1	LBRM2903_190015000	67.1	82	27
LdBPK_241040.1	LBRM2903_240016300	67.1	1016	298
LdBPK_302940.1	LBRM2903_300035700	67.1	456	144
LdBPK_310140.1	LBRM2903_310009000	67.1	823	257
LdBPK_310951.1	LBRM2903_310019000	67.1	249	82
LdBPK_330620.1	LBRM2903_330011600	67.1	671	220
LdBPK_332490.1	LBRM2903_330034000	67.1	1381	426
LdBPK_350570.1	LBRM2903_340010700	67.1	2133	677
LdBPK_351530.1	LBRM2903_340020700	67.1	377	115
LdBPK_020450.1	LBRM2903_020010400	67	200	62
LdBPK_100150.1	LBRM2903_100006600	67	587	185
LdBPK_151040.1	LBRM2903_150013500	67	712	209
LdBPK_190380.1	LBRM2903_190011600	67	2035	630
LdBPK_190550.1	LBRM2903_190014600	67	1391	436
LdBPK_261090.1	LBRM2903_260016300	67	4208	1222
LdBPK_290430.1	LBRM2903_290010100	67	412	128
LdBPK_302340.1	LBRM2903_300029200	67	348	114
LdBPK_310710.1	LBRM2903_310015800	67	282	78
LdBPK_311270.1	LBRM2903_310023000	67	1090	337
LdBPK_322000.1	LBRM2903_320027300	67	1228	392
LdBPK_333000.1	LBRM2903_330039300	67	382	126
LdBPK_340580.1	LBRM2903_200011600	67	1938	563
LdBPK_341830.1	LBRM2903_200026200	67	1881	588
LdBPK_342150.1	LBRM2903_200029500	67	364	117
LdBPK_342270.1	LBRM2903_200030700	67	388	127
LdBPK_354030.1	LBRM2903_340049000	67	792	240
LdBPK_364410.1	LBRM2903_350055100	67	825	255
LdBPK_364770.1	LBRM2903_350058700	67	1124	364
LdBPK_366790.1	LBRM2903_350081400	67	655	206
LdBPK_040200.1	LBRM2903_040007100	66.9	284	84
LdBPK_160480.1	LBRM2903_160010200	66.9	157	52
LdBPK_181190.1	LBRM2903_180018400	66.9	1293	395
LdBPK_220020.1	LBRM2903_220006700	66.9	456	149
LdBPK_230950.1	LBRM2903_230019200	66.9	933	289
LdBPK_281690.1	LBRM2903_280023400	66.9	535	171
LdBPK_291310.1	LBRM2903_290019300	66.9	477	149
LdBPK_292790.1	LBRM2903_290033800	66.9	1082	356
LdBPK_332510.1	LBRM2903_330034300	66.9	541	177
LdBPK_352390.1	LBRM2903_340030400	66.9	677	223
LdBPK_353530.1	LBRM2903_340043100	66.9	697	220
LdBPK_361780.1	LBRM2903_350025200	66.9	556	173
LdBPK_363590.1	LBRM2903_350046400	66.9	791	235
LdBPK_041220.1	LBRM2903_040019900	66.8	187	62
LdBPK_050850.1	LBRM2903_050014200	66.8	672	214
LdBPK_090810.1	LBRM2903_090013600	66.8	5557	1626
LdBPK_181470.1	LBRM2903_180021500	66.8	184	60
LdBPK_191460.1	LBRM2903_190023100	66.8	352	117
LdBPK_221080.1	LBRM2903_220017200	66.8	1084	325
LdBPK_230520.1	LBRM2903_230011000	66.8	1382	441
LdBPK_250980.1	LBRM2903_250017200	66.8	223	67
LdBPK_252460.1	LBRM2903_250032700	66.8	365	120
LdBPK_261370.1	LBRM2903_260019200	66.8	968	297
LdBPK_300530.1	LBRM2903_300011700	66.8	1149	374
LdBPK_320020.1	LBRM2903_320005500	66.8	491	156
LdBPK_332760.1	LBRM2903_330036900	66.8	494	158
LdBPK_050240.1	LBRM2903_050007300	66.7	105	34
LdBPK_100250.1	LBRM2903_100007500	66.7	418	139
LdBPK_131230.1	LBRM2903_130017500	66.7	487	152
LdBPK_211100.1	LBRM2903_210016000	66.7	1310	358
LdBPK_211400.1	LBRM2903_210019000	66.7	1136	350
LdBPK_241060.1	LBRM2903_240016500	66.7	929	286
LdBPK_280820.1	LBRM2903_280013500	66.7	162	54
LdBPK_281270.1	LBRM2903_280018600	66.7	306	102
LdBPK_282340.1	LBRM2903_280030300	66.7	912	284
LdBPK_291580.1	LBRM2903_290022500	66.7	171	55
LdBPK_310800.1	LBRM2903_310016800	66.7	303	101
LdBPK_312090.1	LBRM2903_310032200	66.7	513	163
LdBPK_320990.1	LBRM2903_320015700	66.7	1059	342
LdBPK_350670.1	LBRM2903_340011600	66.7	1264	385
LdBPK_364280.1	LBRM2903_350053700	66.7	529	174
LdBPK_366130.1	LBRM2903_350073000	66.7	796	256
LdBPK_100810.1	LBRM2903_100017000	66.6	665	174
LdBPK_191410.1	LBRM2903_190022600	66.6	751	244
LdBPK_302710.1	LBRM2903_300033200	66.6	686	225
LdBPK_311500.1	LBRM2903_310026300	66.6	1045	341
LdBPK_330400.1	LBRM2903_330008800	66.6	371	118
LdBPK_364150.1	LBRM2903_350052200	66.6	1018	329
LdBPK_010550.1	LBRM2903_010010800	66.5	1661	444
LdBPK_030110.1	LBRM2903_030006200	66.5	925	293
LdBPK_050160.1	LBRM2903_050006500	66.5	546	150
LdBPK_171250.1	LBRM2903_170019700	66.5	490	109
LdBPK_200200.1	LBRM2903_200057600	66.5	439	147
LdBPK_262200.1	LBRM2903_260025900	66.5	418	118
LdBPK_292040.1	LBRM2903_310007600	66.5	275	91
LdBPK_302170.1	LBRM2903_300027300	66.5	654	212
LdBPK_320230.1	LBRM2903_320007600	66.5	1028	338
LdBPK_321860.1	LBRM2903_320025900	66.5	179	58
LdBPK_341240.1	LBRM2903_200020600	66.5	194	64
LdBPK_352580.1	LBRM2903_340032400	66.5	215	65
LdBPK_332920.1	LBRM2903_330038600	66.4	5131	1512
LdBPK_333320.1	LBRM2903_330043000	66.4	532	175
LdBPK_350990.1	LBRM2903_340015700	66.4	372	120
LdBPK_366090.1	LBRM2903_350072600	66.4	348	113
LdBPK_366460.1	LBRM2903_350076700	66.4	1093	366
LdBPK_070100.1	LBRM2903_070010300	66.3	827	254
LdBPK_070680.1	LBRM2903_070013300	66.3	258	73
LdBPK_080880.1	LBRM2903_080015100	66.3	267	72
LdBPK_150400.1	LBRM2903_150009300	66.3	664	191
LdBPK_171180.1	LBRM2903_170018800	66.3	543	182
LdBPK_190940.1	LBRM2903_190021400	66.3	585	192
LdBPK_220910.1	LBRM2903_220015600	66.3	718	229
LdBPK_240340.1	LBRM2903_240008600	66.3	193	64
LdBPK_240460.1	LBRM2903_240010100	66.3	190	64
LdBPK_250680.1	LBRM2903_250013800	66.3	419	116
LdBPK_320350.1	LBRM2903_320008800	66.3	801	266
LdBPK_366420.1	LBRM2903_350076300	66.3	323	105
LdBPK_090600.1	LBRM2903_090011200	66.2	595	180
LdBPK_100680.1	LBRM2903_100015800	66.2	600	172
LdBPK_101120.1	LBRM2903_100020400	66.2	1268	370
LdBPK_170420.1	LBRM2903_170009300	66.2	737	232
LdBPK_170590.1	LBRM2903_170011300	66.2	1090	327
LdBPK_241530.1	LBRM2903_240022300	66.2	2587	792
LdBPK_364630.1	LBRM2903_350057300	66.2	130	43
LdBPK_140860.1	LBRM2903_140013500	66.1	366	102
LdBPK_181540.1	LBRM2903_180022000	66.1	425	133
LdBPK_260350.1	LBRM2903_260008700	66.1	1837	594
LdBPK_070900.1	LBRM2903_070016000	66	326	101
LdBPK_080110.1	LBRM2903_080006500	66	635	214
LdBPK_091050.1	LBRM2903_090016200	66	5193	1484
LdBPK_110920.1	LBRM2903_110013600	66	592	191
LdBPK_180030.1	LBRM2903_180005500	66	344	117
LdBPK_240260.1	LBRM2903_240007500	66	720	243
LdBPK_250910.1	LBRM2903_250016500	66	1340	413
LdBPK_252180.1	LBRM2903_250030000	66	309	83
LdBPK_282370.1	LBRM2903_280030500	66	153	51
LdBPK_010250.1	LBRM2903_010007400	65.9	848	255
LdBPK_030680.1	LBRM2903_030011900	65.9	2943	813
LdBPK_060620.1	LBRM2903_060011800	65.9	1416	405
LdBPK_070740.1	LBRM2903_070014300	65.9	498	165
LdBPK_080320.1	LBRM2903_080008400	65.9	255	85
LdBPK_120570.1	LBRM2903_120012000	65.9	926	291
LdBPK_130920.1	LBRM2903_130014400	65.9	367	124
LdBPK_230270.1	LBRM2903_230008400	65.9	182	62
LdBPK_261220.1	LBRM2903_280037300	65.9	615	208
LdBPK_301430.1	LBRM2903_300020600	65.9	616	200
LdBPK_322970.1	LBRM2903_320038600	65.9	1153	376
LdBPK_350690.1	LBRM2903_340011800	65.9	967	322
LdBPK_351460.1	LBRM2903_340020000	65.9	3040	982
LdBPK_010710.1	LBRM2903_010012400	65.8	237	73
LdBPK_020690.1	LBRM2903_270035700	65.8	79	26
LdBPK_061250.1	LBRM2903_060019300	65.8	392	134
LdBPK_090930.1	LBRM2903_090014800	65.8	310	75
LdBPK_110440.1	LBRM2903_110006100	65.8	605	183
LdBPK_120600.1	LBRM2903_120012400	65.8	623	202
LdBPK_130620.1	LBRM2903_130011200	65.8	890	236
LdBPK_201100.1	LBRM2903_200067000	65.8	2488	744
LdBPK_211270.1	LBRM2903_210017200	65.8	732	230
LdBPK_231540.1	LBRM2903_230024200	65.8	1196	359
LdBPK_251260.1	LBRM2903_250021600	65.8	2005	608
LdBPK_262480.1	LBRM2903_260029800	65.8	442	150
LdBPK_291620.1	LBRM2903_290023100	65.8	120	41
LdBPK_310720.1	LBRM2903_310015900	65.8	483	163
LdBPK_311490.1	LBRM2903_310026200	65.8	146	50
LdBPK_352770.1	LBRM2903_340034400	65.8	755	244
LdBPK_361140.1	LBRM2903_350017900	65.8	579	195
LdBPK_040340.1	LBRM2903_040008500	65.7	1523	431
LdBPK_040980.1	LBRM2903_040017100	65.7	481	131
LdBPK_090280.1	LBRM2903_090008400	65.7	893	283
LdBPK_120770.1	LBRM2903_200077400	65.7	721	199
LdBPK_130810.1	LBRM2903_130013100	65.7	1521	468
LdBPK_160770.1	LBRM2903_160014200	65.7	583	170
LdBPK_291210.1	LBRM2903_250024100	65.7	1104	372
LdBPK_292700.1	LBRM2903_290032700	65.7	703	231
LdBPK_321490.1	LBRM2903_320022000	65.7	1138	341
LdBPK_322440.1	LBRM2903_320032400	65.7	632	211
LdBPK_330540.1	LBRM2903_330010600	65.7	1503	501
LdBPK_353220.1	LBRM2903_340039500	65.7	1833	606
LdBPK_010420.1	LBRM2903_010009200	65.6	569	193
LdBPK_050910.1	LBRM2903_050014900	65.6	764	236
LdBPK_090501.1	LBRM2903_090010200	65.6	1736	529
LdBPK_141310.1	LBRM2903_140018700	65.6	459	153
LdBPK_150540.1	LBRM2903_150011300	65.6	163	56
LdBPK_241160.1	LBRM2903_240017600	65.6	1006	313
LdBPK_310890.1	LBRM2903_310017600	65.6	613	203
LdBPK_330990.1	LBRM2903_330016100	65.6	1182	368
LdBPK_331300.1	LBRM2903_330019500	65.6	868	206
LdBPK_341490.1	LBRM2903_200023400	65.6	1321	434
LdBPK_353480.1	LBRM2903_340042200	65.6	416	139
LdBPK_365900.1	LBRM2903_350070600	65.6	326	109
LdBPK_030250.1	LBRM2903_030007600	65.5	313	97
LdBPK_111320.1	LBRM2903_110018900	65.5	1784	602
LdBPK_130680.1	LBRM2903_130011800	65.5	696	218
LdBPK_141070.1	LBRM2903_140015800	65.5	1020	347
LdBPK_171430.1	LBRM2903_170021400	65.5	473	143
LdBPK_180520.1	LBRM2903_180010600	65.5	737	250
LdBPK_230440.1	LBRM2903_230010200	65.5	1996	616
LdBPK_230830.1	LBRM2903_230016300	65.5	885	264
LdBPK_231360.1	LBRM2903_230021900	65.5	1399	383
LdBPK_290380.1	LBRM2903_290009500	65.5	857	289
LdBPK_291480.1	LBRM2903_290021400	65.5	1392	464
LdBPK_300320.1	LBRM2903_300009100	65.5	589	186
LdBPK_320820.1	LBRM2903_320013900	65.5	1137	361
LdBPK_343650.1	LBRM2903_200048400	65.5	258	88
LdBPK_354520.1	LBRM2903_340054400	65.5	87	30
LdBPK_354670.1	LBRM2903_340056300	65.5	522	170
LdBPK_354870.1	LBRM2903_340058100	65.5	365	125
LdBPK_365880.1	LBRM2903_350070400	65.5	226	75
LdBPK_010360.1	LBRM2903_010008600	65.4	257	84
LdBPK_061030.1	LBRM2903_060016700	65.4	156	52
LdBPK_101010.1	LBRM2903_100018900	65.4	1363	409
LdBPK_160520.1	LBRM2903_160011300	65.4	1227	378
LdBPK_212210.1	LBRM2903_210027100	65.4	462	157
LdBPK_220570.1	LBRM2903_220012300	65.4	1167	367
LdBPK_250820.1	LBRM2903_250015600	65.4	1168	386
LdBPK_262110.1	LBRM2903_260025000	65.4	1796	574
LdBPK_270540.1	LBRM2903_270013200	65.4	922	312
LdBPK_352620.1	LBRM2903_340032800	65.4	188	65
LdBPK_355190.1	LBRM2903_340062400	65.4	327	104
LdBPK_110070.1	LBRM2903_190007300	65.3	386	132
LdBPK_160080.1	LBRM2903_160005900	65.3	392	136
LdBPK_220400.1	LBRM2903_220010200	65.3	1152	376
LdBPK_242040.1	LBRM2903_240028100	65.3	958	300
LdBPK_292100.1	LBRM2903_290025800	65.3	1894	638
LdBPK_302200.1	LBRM2903_300027600	65.3	502	168
LdBPK_321380.1	LBRM2903_320020900	65.3	542	183
LdBPK_322240.1	LBRM2903_320029900	65.3	874	293
LdBPK_341050.1	LBRM2903_200016700	65.3	193	67
LdBPK_341180.1	LBRM2903_200019800	65.3	401	125
LdBPK_342380.1	LBRM2903_200031800	65.3	616	213
LdBPK_350060.1	LBRM2903_340006000	65.3	674	230
LdBPK_355000.1	LBRM2903_340059400	65.3	1037	330
LdBPK_010680.1	LBRM2903_010012100	65.2	1599	497
LdBPK_030470.1	LBRM2903_030009700	65.2	1019	315
LdBPK_050640.1	LBRM2903_050011700	65.2	1899	585
LdBPK_120780.1	LBRM2903_200077300	65.2	881	298
LdBPK_221160.1	LBRM2903_220018400	65.2	1064	361
LdBPK_250390.1	LBRM2903_250009100	65.2	844	251
LdBPK_250490.1	LBRM2903_250010500	65.2	1528	496
LdBPK_281840.1	LBRM2903_280025200	65.2	661	168
LdBPK_292690.1	LBRM2903_290032600	65.2	463	136
LdBPK_301400.1	LBRM2903_300020200	65.2	322	108
LdBPK_311200.1	LBRM2903_310022000	65.2	161	56
LdBPK_365370.1	LBRM2903_350064900	65.2	515	169
LdBPK_160410.1	LBRM2903_160009600	65.1	352	123
LdBPK_200750.1	LBRM2903_200063500	65.1	1343	402
LdBPK_210920.1	LBRM2903_210014300	65.1	2978	940
LdBPK_221150.1	LBRM2903_220017900	65.1	281	97
LdBPK_251770.1	LBRM2903_250025900	65.1	1190	340
LdBPK_282420.1	LBRM2903_280030900	65.1	218	76
LdBPK_291490.1	LBRM2903_290021500	65.1	650	193
LdBPK_291510.1	LBRM2903_290021700	65.1	324	101
LdBPK_311990.1	LBRM2903_310031900	65.1	564	196
LdBPK_360840.1	LBRM2903_350014500	65.1	1130	384
LdBPK_366230.1	LBRM2903_350074200	65.1	584	189
LdBPK_170340.1	LBRM2903_170008500	65	719	245
LdBPK_210650.1	LBRM2903_210011100	65	389	127
LdBPK_211380.1	LBRM2903_210018800	65	329	87
LdBPK_220280.1	LBRM2903_220009000	65	739	245
LdBPK_231250.1	LBRM2903_230020700	65	560	188
LdBPK_250480.1	LBRM2903_250010400	65	1147	322
LdBPK_251880.1	LBRM2903_250027000	65	1061	311
LdBPK_272050.1	LBRM2903_270030100	65	1849	613
LdBPK_310780.1	LBRM2903_310016700	65	294	103
LdBPK_310820.1	LBRM2903_310017000	65	297	70
LdBPK_331000.1	LBRM2903_330016200	65	1709	565
LdBPK_333080.1	LBRM2903_330040100	65	314	102
LdBPK_352820.1	LBRM2903_340034900	65	1330	436
LdBPK_030450.1	LBRM2903_030009500	64.9	971	306
LdBPK_040530.1	LBRM2903_040011000	64.9	94	32
LdBPK_060060.1	LBRM2903_060006000	64.9	313	108
LdBPK_070980.1	LBRM2903_070017600	64.9	439	141
LdBPK_140640.1	LBRM2903_140011600	64.9	228	75
LdBPK_150810.1	LBRM2903_150015900	64.9	689	201
LdBPK_210070.1	LBRM2903_210005200	64.9	242	85
LdBPK_260930.1	LBRM2903_260014500	64.9	1748	592
LdBPK_261880.1	LBRM2903_260022700	64.9	2830	937
LdBPK_300440.1	LBRM2903_300010900	64.9	561	187
LdBPK_311440.1	LBRM2903_310025400	64.9	2400	784
LdBPK_311760.1	LBRM2903_310029000	64.9	416	140
LdBPK_090300.1	LBRM2903_090008600	64.8	995	293
LdBPK_140430.1	LBRM2903_140009400	64.8	599	176
LdBPK_180400.1	LBRM2903_180009200	64.8	562	194
LdBPK_191390.1	LBRM2903_190022500	64.8	88	31
LdBPK_211600.1	LBRM2903_210021500	64.8	1593	543
LdBPK_220290.1	LBRM2903_220009100	64.8	1187	400
LdBPK_240580.1	LBRM2903_240011500	64.8	88	31
LdBPK_241090.1	LBRM2903_240016800	64.8	2193	585
LdBPK_262450.1	LBRM2903_260029500	64.8	145	51
LdBPK_291070.1	LBRM2903_290017500	64.8	545	189
LdBPK_291150.1	LBRM2903_290018300	64.8	1077	358
LdBPK_301480.1	LBRM2903_300021000	64.8	145	49
LdBPK_332400.1	LBRM2903_330033200	64.8	71	25
LdBPK_332890.1	LBRM2903_330038300	64.8	1107	370
LdBPK_342360.1	LBRM2903_200031400	64.8	681	239
LdBPK_350590.1	LBRM2903_340010900	64.8	579	201
LdBPK_364060.1	LBRM2903_350051300	64.8	846	283
LdBPK_366870.1	LBRM2903_350082200	64.8	324	114
LdBPK_367190.1	LBRM2903_350085400	64.8	429	151
LdBPK_040700.1	LBRM2903_040013200	64.7	939	289
LdBPK_080450.1	LBRM2903_080012600	64.7	2299	690
LdBPK_111370.1	LBRM2903_110019900	64.7	385	136
LdBPK_161400.1	LBRM2903_160021400	64.7	1442	432
LdBPK_242420.1	LBRM2903_240031700	64.7	258	91
LdBPK_251000.1	LBRM2903_250017400	64.7	1231	427
LdBPK_261760.1	LBRM2903_230030300	64.7	329	113
LdBPK_301740.1	LBRM2903_300023500	64.7	312	109
LdBPK_351680.1	LBRM2903_340022200	64.7	286	93
LdBPK_361610.1	LBRM2903_350023500	64.7	853	292
LdBPK_010380.1	LBRM2903_010008800	64.6	158	51
LdBPK_010450.1	LBRM2903_010009500	64.6	810	206
LdBPK_080910.1	LBRM2903_080015400	64.6	852	262
LdBPK_100510.1	LBRM2903_000008900	64.6	82	25
LdBPK_220050.1	LBRM2903_220007000	64.6	910	241
LdBPK_220060.1	LBRM2903_220007100	64.6	260	82
LdBPK_230320.1	LBRM2903_230008800	64.6	1080	361
LdBPK_271830.1	LBRM2903_270027200	64.6	686	224
LdBPK_281500.1	LBRM2903_280021400	64.6	342	119
LdBPK_321780.1	LBRM2903_320025100	64.6	826	269
LdBPK_020390.1	LBRM2903_020009800	64.5	1026	304
LdBPK_030630.1	LBRM2903_030011200	64.5	907	270
LdBPK_080130.1	LBRM2903_080006700	64.5	1148	400
LdBPK_091400.1	LBRM2903_090020600	64.5	600	209
LdBPK_130910.1	LBRM2903_130014100	64.5	1210	377
LdBPK_141370.1	LBRM2903_140019300	64.5	808	276
LdBPK_200210.1	LBRM2903_200057800	64.5	200	60
LdBPK_230730.1	LBRM2903_230015000	64.5	521	173
LdBPK_262620.1	LBRM2903_260031300	64.5	822	291
LdBPK_290530.1	LBRM2903_290011300	64.5	234	69
LdBPK_321020.1	LBRM2903_320016000	64.5	1895	660
LdBPK_322610.1	LBRM2903_320034300	64.5	1017	311
LdBPK_060190.1	LBRM2903_060007100	64.4	585	180
LdBPK_190360.1	LBRM2903_190011400	64.4	1859	573
LdBPK_301020.1	LBRM2903_300016400	64.4	452	148
LdBPK_321370.1	LBRM2903_320020800	64.4	382	135
LdBPK_330490.1	LBRM2903_330009900	64.4	688	238
LdBPK_360830.1	LBRM2903_350014400	64.4	441	152
LdBPK_365150.1	LBRM2903_350062600	64.4	719	232
LdBPK_030690.1	LBRM2903_030012000	64.3	255	64
LdBPK_070970.1	LBRM2903_070017200	64.3	583	204
LdBPK_091040.1	LBRM2903_090016100	64.3	999	297
LdBPK_120280.1	LBRM2903_120008700	64.3	1306	405
LdBPK_130880.1	LBRM2903_130013800	64.3	502	164
LdBPK_191140.1	LBRM2903_190019100	64.3	1951	592
LdBPK_260080.1	LBRM2903_260005800	64.3	269	96
LdBPK_312340.1	LBRM2903_310034800	64.3	462	165
LdBPK_322890.1	LBRM2903_320037700	64.3	1511	471
LdBPK_332420.1	LBRM2903_330033400	64.3	2006	670
LdBPK_341310.1	LBRM2903_200021500	64.3	474	163
LdBPK_354260.1	LBRM2903_340051400	64.3	230	82
LdBPK_362170.1	LBRM2903_350029400	64.3	914	294
LdBPK_362430.1	LBRM2903_350032200	64.3	451	156
LdBPK_120530.1	LBRM2903_120011600	64.2	1125	354
LdBPK_150070.1	LBRM2903_150005700	64.2	467	166
LdBPK_170480.1	LBRM2903_170010100	64.2	1338	444
LdBPK_240360.1	LBRM2903_240009500	64.2	67	24
LdBPK_271740.1	LBRM2903_270026300	64.2	1748	569
LdBPK_281000.1	LBRM2903_280015200	64.2	1484	504
LdBPK_310450.1	LBRM2903_310012900	64.2	730	251
LdBPK_331490.1	LBRM2903_330022400	64.2	2066	581
LdBPK_362760.1	LBRM2903_350036000	64.2	3475	1177
LdBPK_364160.1	LBRM2903_350052300	64.2	1360	462
LdBPK_364890.1	LBRM2903_350059900	64.2	932	332
LdBPK_080230.1	LBRM2903_080007500	64.1	1098	360
LdBPK_090530.1	LBRM2903_090010500	64.1	746	192
LdBPK_100110.1	LBRM2903_100006200	64.1	763	245
LdBPK_120890.1	LBRM2903_200075800	64.1	103	37
LdBPK_130690.1	LBRM2903_130011900	64.1	234	72
LdBPK_150970.1	LBRM2903_150014300	64.1	1870	579
LdBPK_180240.1	LBRM2903_180007600	64.1	309	104
LdBPK_221030.1	LBRM2903_220016700	64.1	599	108
LdBPK_321610.1	LBRM2903_320023300	64.1	156	56
LdBPK_322570.1	LBRM2903_320033900	64.1	989	350
LdBPK_361090.1	LBRM2903_350017400	64.1	1603	566
LdBPK_040870.1	LBRM2903_040015600	64	442	134
LdBPK_070880.1	LBRM2903_070015800	64	597	195
LdBPK_120240.1	LBRM2903_120008200	64	1546	520
LdBPK_131570.1	LBRM2903_130019200	64	172	62
LdBPK_250240.1	LBRM2903_250007600	64	186	67
LdBPK_282140.1	LBRM2903_280028300	64	883	296
LdBPK_291370.1	LBRM2903_290020100	64	1908	629
LdBPK_322120.1	LBRM2903_320028500	64	111	37
LdBPK_340680.1	LBRM2903_200012700	64	950	292
LdBPK_353320.1	LBRM2903_340040500	64	161	58
LdBPK_080840.1	LBRM2903_080014600	63.9	1516	502
LdBPK_080850.1	LBRM2903_080014700	63.9	2106	690
LdBPK_091340.1	LBRM2903_090020000	63.9	368	131
LdBPK_100300.1	LBRM2903_100008100	63.9	2019	642
LdBPK_110170.1	LBRM2903_190006200	63.9	717	245
LdBPK_130230.1	LBRM2903_290035400	63.9	429	129
LdBPK_160630.1	LBRM2903_160012500	63.9	263	93
LdBPK_211460.1	LBRM2903_210019600	63.9	1376	475
LdBPK_251070.1	LBRM2903_250018400	63.9	880	269
LdBPK_271280.1	LBRM2903_270020600	63.9	624	222
LdBPK_282560.1	LBRM2903_280032600	63.9	1331	463
LdBPK_310510.1	LBRM2903_310013400	63.9	832	279
LdBPK_311250.1	LBRM2903_310022600	63.9	898	321
LdBPK_352830.1	LBRM2903_340035100	63.9	690	237
LdBPK_060320.1	LBRM2903_060008700	63.8	1024	368
LdBPK_060460.1	LBRM2903_060010200	63.8	862	247
LdBPK_090260.1	LBRM2903_090008200	63.8	232	77
LdBPK_110870.1	LBRM2903_110012300	63.8	1057	369
LdBPK_120820.1	LBRM2903_200076500	63.8	868	305
LdBPK_170430.1	LBRM2903_170009400	63.8	287	81
LdBPK_191110.1	LBRM2903_190018900	63.8	5913	1788
LdBPK_201290.1	LBRM2903_200069600	63.8	149	52
LdBPK_240700.1	LBRM2903_240012700	63.8	152	55
LdBPK_271880.1	LBRM2903_270028000	63.8	301	107
LdBPK_290110.1	LBRM2903_290006500	63.8	130	46
LdBPK_292740.1	LBRM2903_290033200	63.8	1231	432
LdBPK_322900.1	LBRM2903_320037800	63.8	881	318
LdBPK_340620.1	LBRM2903_200012000	63.8	868	281
LdBPK_354360.1	LBRM2903_340052700	63.8	326	116
LdBPK_030730.1	LBRM2903_030012400	63.7	758	202
LdBPK_070870.1	LBRM2903_070015700	63.7	1341	445
LdBPK_110340.1	LBRM2903_110021100	63.7	502	132
LdBPK_120170.1	LBRM2903_120006900	63.7	892	247
LdBPK_150190.1	LBRM2903_150007000	63.7	524	183
LdBPK_291500.1	LBRM2903_290021600	63.7	793	268
LdBPK_301690.1	LBRM2903_300023000	63.7	333	111
LdBPK_333170.1	LBRM2903_330041100	63.7	1121	374
LdBPK_070830.1	LBRM2903_070015400	63.6	3932	1249
LdBPK_200840.1	LBRM2903_200064500	63.6	272	99
LdBPK_240190.1	LBRM2903_240006600	63.6	110	40
LdBPK_250950.1	LBRM2903_250016900	63.6	841	277
LdBPK_262210.1	LBRM2903_260026100	63.6	535	110
LdBPK_282790.1	LBRM2903_280035000	63.6	887	300
LdBPK_351400.1	LBRM2903_340019400	63.6	693	216
LdBPK_352530.1	LBRM2903_340031900	63.6	1545	517
LdBPK_364800.1	LBRM2903_350059000	63.6	319	116
LdBPK_040970.1	LBRM2903_040017000	63.5	490	139
LdBPK_110610.1	LBRM2903_110008600	63.5	613	205
LdBPK_111080.1	LBRM2903_110015400	63.5	521	189
LdBPK_120220.1	LBRM2903_120007500	63.5	693	249
LdBPK_140820.1	LBRM2903_140013000	63.5	419	148
LdBPK_190690.1	LBRM2903_190015700	63.5	115	34
LdBPK_231520.1	LBRM2903_230023900	63.5	318	116
LdBPK_260070.1	LBRM2903_260005700	63.5	301	110
LdBPK_270630.1	LBRM2903_270014300	63.5	1152	415
LdBPK_271720.1	LBRM2903_270026100	63.5	951	340
LdBPK_312490.1	LBRM2903_310036600	63.5	203	71
LdBPK_322020.1	LBRM2903_320027500	63.5	441	160
LdBPK_353170.1	LBRM2903_340038900	63.5	1633	575
LdBPK_354630.1	LBRM2903_340055900	63.5	167	61
LdBPK_020400.1	LBRM2903_020010000	63.4	372	130
LdBPK_050650.1	LBRM2903_050011800	63.4	874	298
LdBPK_060770.1	LBRM2903_060013500	63.4	631	221
LdBPK_130100.1	LBRM2903_130006100	63.4	306	102
LdBPK_211800.1	LBRM2903_210023300	63.4	547	165
LdBPK_251810.1	LBRM2903_250026300	63.4	320	117
LdBPK_272030.1	LBRM2903_270029900	63.4	1172	341
LdBPK_322740.1	LBRM2903_320035800	63.4	639	225
LdBPK_331190.1	LBRM2903_330018300	63.4	681	222
LdBPK_350750.1	LBRM2903_340012600	63.4	924	297
LdBPK_041100.1	LBRM2903_040018400	63.3	1002	329
LdBPK_140600.1	LBRM2903_140011200	63.3	1380	491
LdBPK_180840.1	LBRM2903_180014700	63.3	2065	687
LdBPK_212220.1	LBRM2903_210027200	63.3	1008	361
LdBPK_220250.1	LBRM2903_220008700	63.3	283	94
LdBPK_230820.1	LBRM2903_230016200	63.3	188	69
LdBPK_281440.1	LBRM2903_280020600	63.3	341	110
LdBPK_300520.1	LBRM2903_300011600	63.3	485	167
LdBPK_321050.1	LBRM2903_320016500	63.3	166	61
LdBPK_343090.1	LBRM2903_200042500	63.3	518	184
LdBPK_030170.1	LBRM2903_030006800	63.2	622	213
LdBPK_050920.1	LBRM2903_050015000	63.2	1063	328
LdBPK_080920.1	LBRM2903_080015500	63.2	774	273
LdBPK_160160.1	LBRM2903_160006800	63.2	220	66
LdBPK_200440.1	LBRM2903_200060000	63.2	787	265
LdBPK_200780.1	LBRM2903_200063900	63.2	4047	1181
LdBPK_241580.1	LBRM2903_240022800	63.2	1156	408
LdBPK_262460.1	LBRM2903_260029600	63.2	1044	372
LdBPK_311000.1	LBRM2903_310019800	63.2	1154	370
LdBPK_312080.1	LBRM2903_310031300	63.2	486	178
LdBPK_354140.1	LBRM2903_340050200	63.2	1111	399
LdBPK_366390.1	LBRM2903_350076000	63.2	185	68
LdBPK_070120.1	LBRM2903_070010100	63.1	674	200
LdBPK_200770.1	LBRM2903_200063700	63.1	1668	522
LdBPK_211520.1	LBRM2903_210020300	63.1	453	144
LdBPK_241510.1	LBRM2903_240022000	63.1	122	44
LdBPK_261310.1	LBRM2903_260018600	63.1	436	122
LdBPK_281640.1	LBRM2903_280022900	63.1	168	57
LdBPK_311160.1	LBRM2903_310021600	63.1	593	219
LdBPK_320390.1	LBRM2903_320009300	63.1	537	169
LdBPK_342540.1	LBRM2903_200033300	63.1	450	165
LdBPK_020200.1	LBRM2903_020007700	63	1002	338
LdBPK_020280.1	LBRM2903_020008800	63	719	221
LdBPK_131470.1	LBRM2903_130018500	63	635	218
LdBPK_140740.1	LBRM2903_140012200	63	265	98
LdBPK_150410.1	LBRM2903_150009400	63	516	185
LdBPK_160820.1	LBRM2903_160014800	63	632	233
LdBPK_260830.1	LBRM2903_260013600	63	794	255
LdBPK_270970.1	LBRM2903_270017800	63	657	229
LdBPK_303420.1	LBRM2903_300041100	63	606	167
LdBPK_363460.1	LBRM2903_350044800	63	813	297
LdBPK_366110.1	LBRM2903_350072800	63	541	163
LdBPK_040520.1	LBRM2903_040010900	62.9	372	107
LdBPK_061080.1	LBRM2903_060017200	62.9	760	245
LdBPK_090440.1	LBRM2903_090009500	62.9	1761	570
LdBPK_101080.1	LBRM2903_100020000	62.9	399	147
LdBPK_130510.1	LBRM2903_130009900	62.9	434	144
LdBPK_181530.1	LBRM2903_180021900	62.9	159	59
LdBPK_190370.1	LBRM2903_190011500	62.9	976	351
LdBPK_220990.1	LBRM2903_220016400	62.9	1013	338
LdBPK_230760.1	LBRM2903_230015200	62.9	410	149
LdBPK_280340.1	LBRM2903_280009800	62.9	70	26
LdBPK_310970.1	LBRM2903_310019500	62.9	698	259
LdBPK_332110.1	LBRM2903_330029800	62.9	650	230
LdBPK_332720.1	LBRM2903_330036500	62.9	504	186
LdBPK_360970.1	LBRM2903_350016000	62.9	1561	563
LdBPK_090550.1	LBRM2903_090010700	62.8	1527	503
LdBPK_140790.1	LBRM2903_140012500	62.8	360	131
LdBPK_261420.1	LBRM2903_260019700	62.8	799	269
LdBPK_280920.1	LBRM2903_280014400	62.8	188	57
LdBPK_290300.1	LBRM2903_290008600	62.8	253	91
LdBPK_365730.1	LBRM2903_350069000	62.8	296	108
LdBPK_020270.1	LBRM2903_020008400	62.7	2658	873
LdBPK_091290.1	LBRM2903_090019400	62.7	445	155
LdBPK_120250.1	LBRM2903_120008400	62.7	1475	475
LdBPK_140360.1	LBRM2903_140008800	62.7	1058	347
LdBPK_191030.1	LBRM2903_190013800	62.7	1320	380
LdBPK_211630.1	LBRM2903_210021800	62.7	367	131
LdBPK_270820.1	LBRM2903_270016300	62.7	118	43
LdBPK_343120.1	LBRM2903_200042800	62.7	726	265
LdBPK_366250.1	LBRM2903_350074400	62.7	679	228
LdBPK_110390.1	LBRM2903_110020500	62.6	508	180
LdBPK_131240.1	LBRM2903_130017600	62.6	1339	447
LdBPK_170360.1	LBRM2903_170008700	62.6	1365	487
LdBPK_180300.1	LBRM2903_180008200	62.6	385	111
LdBPK_190890.1	LBRM2903_190018200	62.6	681	205
LdBPK_250520.1	LBRM2903_250010800	62.6	527	193
LdBPK_261210.1	LBRM2903_260017500	62.6	3012	1017
LdBPK_271550.1	LBRM2903_270023600	62.6	1231	423
LdBPK_291470.1	LBRM2903_290021300	62.6	602	204
LdBPK_352860.1	LBRM2903_340035700	62.6	516	192
LdBPK_361500.1	LBRM2903_350022000	62.6	3574	1299
LdBPK_010620.1	LBRM2903_010011500	62.5	1874	553
LdBPK_190530.1	LBRM2903_190013200	62.5	734	263
LdBPK_211570.1	LBRM2903_210021000	62.5	120	45
LdBPK_321330.1	LBRM2903_320020200	62.5	767	280
LdBPK_323350.1	LBRM2903_320042500	62.5	96	28
LdBPK_323760.1	LBRM2903_320047800	62.5	200	75
LdBPK_363980.1	LBRM2903_350050500	62.5	963	352
LdBPK_030360.1	LBRM2903_030008600	62.4	205	70
LdBPK_070370.1	LBRM2903_070007500	62.4	250	86
LdBPK_110150.1	LBRM2903_190006400	62.4	700	256
LdBPK_160570.1	LBRM2903_160011800	62.4	732	266
LdBPK_180680.1	LBRM2903_180012500	62.4	790	249
LdBPK_181320.1	LBRM2903_180019800	62.4	732	252
LdBPK_230250.1	LBRM2903_230008100	62.4	125	47
LdBPK_250030.1	LBRM2903_250005200	62.4	343	128
LdBPK_250310.1	LBRM2903_250008400	62.4	85	32
LdBPK_070500.1	LBRM2903_070009800	62.3	795	257
LdBPK_110620.1	LBRM2903_110008700	62.3	1120	370
LdBPK_151160.1	LBRM2903_150018300	62.3	3139	1022
LdBPK_160500.1	LBRM2903_160011100	62.3	199	74
LdBPK_290600.1	LBRM2903_290012000	62.3	483	179
LdBPK_330890.1	LBRM2903_330015100	62.3	963	291
LdBPK_332610.1	LBRM2903_330035300	62.3	589	216
LdBPK_341740.1	LBRM2903_200025200	62.3	1064	345
LdBPK_341780.1	LBRM2903_200025600	62.3	1246	462
LdBPK_352920.1	LBRM2903_340036300	62.3	740	279
LdBPK_360380.1	LBRM2903_350009800	62.3	504	188
LdBPK_120410.1	LBRM2903_120009700	62.2	1091	402
LdBPK_161270.1	LBRM2903_160020200	62.2	2188	561
LdBPK_161310.1	LBRM2903_160020600	62.2	1793	545
LdBPK_191160.1	LBRM2903_190019400	62.2	603	216
LdBPK_261820.1	LBRM2903_230029700	62.2	2447	867
LdBPK_290760.1	LBRM2903_290013700	62.2	225	84
LdBPK_290840.1	LBRM2903_290014700	62.2	603	215
LdBPK_322010.1	LBRM2903_320027400	62.2	603	226
LdBPK_333330.1	LBRM2903_330043100	62.2	608	210
LdBPK_365190.1	LBRM2903_350063000	62.2	905	320
LdBPK_010640.1	LBRM2903_010011700	62.1	602	192
LdBPK_170270.1	LBRM2903_170007800	62.1	1100	388
LdBPK_171310.1	LBRM2903_170020400	62.1	364	122
LdBPK_191040.1	LBRM2903_190013700	62.1	917	294
LdBPK_211000.1	LBRM2903_210014900	62.1	2369	820
LdBPK_211970.1	LBRM2903_210024900	62.1	161	61
LdBPK_220510.1	LBRM2903_220011300	62.1	1160	406
LdBPK_230810.1	LBRM2903_230016100	62.1	496	161
LdBPK_300820.1	LBRM2903_300014600	62.1	116	44
LdBPK_301580.1	LBRM2903_300021900	62.1	1709	616
LdBPK_311570.1	LBRM2903_310027000	62.1	443	132
LdBPK_311750.1	LBRM2903_310028900	62.1	388	137
LdBPK_366410.1	LBRM2903_350076200	62.1	367	131
LdBPK_010600.1	LBRM2903_010011300	62	1036	243
LdBPK_030710.1	LBRM2903_030012200	62	455	115
LdBPK_130800.1	LBRM2903_130013000	62	837	292
LdBPK_151380.1	LBRM2903_150020300	62	313	105
LdBPK_201440.1	LBRM2903_200071100	62	460	166
LdBPK_230610.1	LBRM2903_230012200	62	693	221
LdBPK_230780.1	LBRM2903_230015800	62	279	106
LdBPK_241520.1	LBRM2903_240022100	62	397	137
LdBPK_260430.1	LBRM2903_260009500	62	321	121
LdBPK_262080.1	LBRM2903_260024700	62	316	120
LdBPK_271390.1	LBRM2903_270021900	62	700	251
LdBPK_290200.1	LBRM2903_290007300	62	1030	373
LdBPK_343410.1	LBRM2903_200046100	62	502	190
LdBPK_360070.1	LBRM2903_350006600	62	321	121
LdBPK_080530.1	LBRM2903_080011600	61.9	2384	791
LdBPK_080640.1	LBRM2903_080010300	61.9	2291	646
LdBPK_090310.1	LBRM2903_090008800	61.9	223	82
LdBPK_111120.1	LBRM2903_110015800	61.9	336	119
LdBPK_150580.1	LBRM2903_150011700	61.9	533	192
LdBPK_191170.1	LBRM2903_190019800	61.9	1311	440
LdBPK_220390.1	LBRM2903_220010100	61.9	580	208
LdBPK_013350.1	LBRM2903_310037900	61.9	97	37
LdBPK_330810.1	LBRM2903_330013500	61.9	373	140
LdBPK_361760.1	LBRM2903_350025000	61.9	789	293
LdBPK_040560.1	LBRM2903_040011300	61.8	1647	514
LdBPK_050170.1	LBRM2903_050006600	61.8	759	277
LdBPK_060660.1	LBRM2903_060012100	61.8	3155	1013
LdBPK_130700.1	LBRM2903_130012000	61.8	2711	898
LdBPK_170570.1	LBRM2903_170011100	61.8	1034	370
LdBPK_220530.1	LBRM2903_220011500	61.8	811	287
LdBPK_250280.1	LBRM2903_250008000	61.8	692	262
LdBPK_250430.1	LBRM2903_250009600	61.8	670	255
LdBPK_282840.1	LBRM2903_280035500	61.8	778	285
LdBPK_331020.1	LBRM2903_330016400	61.8	595	216
LdBPK_340640.1	LBRM2903_200012300	61.8	2445	811
LdBPK_352370.1	LBRM2903_340030100	61.8	1140	415
LdBPK_070410.1	LBRM2903_070007900	61.7	1798	561
LdBPK_111020.1	LBRM2903_110014900	61.7	1643	407
LdBPK_220750.1	LBRM2903_220013700	61.7	894	305
LdBPK_281920.1	LBRM2903_280026000	61.7	2606	922
LdBPK_323550.1	LBRM2903_320044700	61.7	1337	462
LdBPK_341100.1	LBRM2903_200017200	61.7	256	65
LdBPK_353820.1	LBRM2903_340047000	61.7	652	232
LdBPK_020160.1	LBRM2903_020007500	61.6	294	109
LdBPK_070170.1	LBRM2903_070010900	61.6	146	55
LdBPK_241150.1	LBRM2903_240017500	61.6	802	290
LdBPK_251900.1	LBRM2903_250027200	61.6	550	194
LdBPK_301220.1	LBRM2903_300018300	61.6	1795	668
LdBPK_320850.1	LBRM2903_320014100	61.6	1131	421
LdBPK_321840.1	LBRM2903_320025700	61.6	503	182
LdBPK_341420.1	LBRM2903_200022700	61.6	958	336
LdBPK_354210.1	LBRM2903_340050900	61.6	305	115
LdBPK_361620.1	LBRM2903_350023600	61.6	498	191
LdBPK_362320.1	LBRM2903_350030900	61.6	591	212
LdBPK_020080.1	LBRM2903_020006000	61.5	699	246
LdBPK_040420.1	LBRM2903_040009800	61.5	1144	388
LdBPK_060860.1	LBRM2903_060014800	61.5	1403	466
LdBPK_070320.1	LBRM2903_070007000	61.5	866	283
LdBPK_120760.1	LBRM2903_200077500	61.5	956	351
LdBPK_140340.1	LBRM2903_140008600	61.5	1074	360
LdBPK_230460.1	LBRM2903_230010400	61.5	143	51
LdBPK_291270.1	LBRM2903_290018900	61.5	2496	898
LdBPK_310520.1	LBRM2903_310013500	61.5	641	235
LdBPK_333120.1	LBRM2903_330040600	61.5	749	184
LdBPK_364430.1	LBRM2903_350055300	61.5	395	143
LdBPK_101040.1	LBRM2903_100019200	61.4	819	283
LdBPK_170560.1	LBRM2903_170011000	61.4	1435	507
LdBPK_201190.1	LBRM2903_200068000	61.4	207	53
LdBPK_271990.1	LBRM2903_270029600	61.4	790	271
LdBPK_281150.1	LBRM2903_280017200	61.4	404	155
LdBPK_322980.1	LBRM2903_320038700	61.4	570	217
LdBPK_332780.1	LBRM2903_330037100	61.4	428	163
LdBPK_120155.1	LBRM2903_120006700	61.3	401	152
LdBPK_150480.1	LBRM2903_150010100	61.3	344	104
LdBPK_160380.1	LBRM2903_160009300	61.3	62	24
LdBPK_170810.1	LBRM2903_170014100	61.3	1504	559
LdBPK_191060.1	LBRM2903_190013600	61.3	2603	871
LdBPK_230450.1	LBRM2903_230010300	61.3	1334	470
LdBPK_230510.1	LBRM2903_230010900	61.3	349	130
LdBPK_240480.1	LBRM2903_240010400	61.3	426	159
LdBPK_241000.1	LBRM2903_240015900	61.3	1588	553
LdBPK_251150.1	LBRM2903_250019300	61.3	6550	2317
LdBPK_281890.1	LBRM2903_280025700	61.3	297	111
LdBPK_311950.1	LBRM2903_310031500	61.3	1128	425
LdBPK_332290.1	LBRM2903_330032000	61.3	1488	536
LdBPK_020320.1	LBRM2903_020009200	61.2	1075	393
LdBPK_020500.1	LBRM2903_020011000	61.2	867	300
LdBPK_040880.1	LBRM2903_040015800	61.2	178	60
LdBPK_090940.1	LBRM2903_090014900	61.2	2578	799
LdBPK_110650.1	LBRM2903_110009000	61.2	1875	711
LdBPK_131550.1	LBRM2903_130019100	61.2	1068	369
LdBPK_150880.1	LBRM2903_150015100	61.2	441	158
LdBPK_201010.1	LBRM2903_200066200	61.2	743	249
LdBPK_211700.1	LBRM2903_210022400	61.2	516	193
LdBPK_231260.1	LBRM2903_230020800	61.2	694	263
LdBPK_262010.1	LBRM2903_260024000	61.2	727	280
LdBPK_281990.1	LBRM2903_280026700	61.2	758	199
LdBPK_322450.1	LBRM2903_320032500	61.2	183	71
LdBPK_361460.1	LBRM2903_350021500	61.2	449	174
LdBPK_091250.1	LBRM2903_090018900	61.1	610	208
LdBPK_343920.1	LBRM2903_200051500	61.1	501	179
LdBPK_051150.1	LBRM2903_050017500	61	949	254
LdBPK_091090.1	LBRM2903_090017300	61	141	49
LdBPK_111090.1	LBRM2903_110015500	61	467	179
LdBPK_131170.1	LBRM2903_130016900	61	831	299
LdBPK_180640.1	LBRM2903_180011900	61	566	213
LdBPK_242390.1	LBRM2903_240031400	61	236	91
LdBPK_330920.1	LBRM2903_330015400	61	341	128
LdBPK_362120.1	LBRM2903_350028800	61	367	139
LdBPK_040590.1	LBRM2903_040012000	60.9	128	36
LdBPK_080410.1	LBRM2903_080009700	60.9	1213	431
LdBPK_120710.1	LBRM2903_200078300	60.9	604	218
LdBPK_120930.1	LBRM2903_200075400	60.9	437	170
LdBPK_171170.1	LBRM2903_170018700	60.9	527	203
LdBPK_190760.1	LBRM2903_190016800	60.9	512	173
LdBPK_221140.1	LBRM2903_220017800	60.9	1056	403
LdBPK_251650.1	LBRM2903_250024600	60.9	1231	384
LdBPK_262630.1	LBRM2903_260031400	60.9	701	272
LdBPK_292160.1	LBRM2903_290026600	60.9	1306	411
LdBPK_320340.1	LBRM2903_320008700	60.9	1570	588
LdBPK_041060.1	LBRM2903_040018000	60.8	209	67
LdBPK_060920.1	LBRM2903_060015400	60.8	791	256
LdBPK_090250.1	LBRM2903_090008000	60.8	1145	383
LdBPK_111040.1	LBRM2903_110015100	60.8	825	307
LdBPK_211390.1	LBRM2903_210018900	60.8	1781	636
LdBPK_290420.1	LBRM2903_290010000	60.8	434	164
LdBPK_312560.1	LBRM2903_310037300	60.8	120	47
LdBPK_321190.1	LBRM2903_320018100	60.8	1636	600
LdBPK_170370.1	LBRM2903_170008800	60.7	298	114
LdBPK_231160.1	LBRM2903_230020200	60.7	751	291
LdBPK_280090.1	LBRM2903_280006500	60.7	122	47
LdBPK_342750.1	LBRM2903_200037000	60.7	89	35
LdBPK_360910.1	LBRM2903_350015300	60.7	888	349
LdBPK_361440.1	LBRM2903_350021300	60.7	1192	377
LdBPK_120320.1	LBRM2903_120009900	60.6	221	66
LdBPK_190580.1	LBRM2903_190014700	60.6	3139	1115
LdBPK_332970.1	LBRM2903_330039100	60.6	317	125
LdBPK_070590.1	LBRM2903_070012400	60.5	1075	334
LdBPK_080400.1	LBRM2903_080009500	60.5	1704	636
LdBPK_171460.1	LBRM2903_170021700	60.5	177	70
LdBPK_211760.1	LBRM2903_210023000	60.5	301	99
LdBPK_280610.1	LBRM2903_280011500	60.5	1583	577
LdBPK_282830.1	LBRM2903_280035400	60.5	261	70
LdBPK_312460.1	LBRM2903_310036300	60.5	815	318
LdBPK_341270.1	LBRM2903_200021100	60.5	248	95
LdBPK_354190.1	LBRM2903_340050700	60.5	585	229
LdBPK_355370.1	LBRM2903_340060400	60.5	646	252
LdBPK_090240.1	LBRM2903_090007900	60.4	782	269
LdBPK_120790.1	LBRM2903_200077200	60.4	1653	571
LdBPK_140510.1	LBRM2903_140010300	60.4	545	195
LdBPK_141000.1	LBRM2903_140014900	60.4	903	308
LdBPK_250690.1	LBRM2903_250013900	60.4	1704	637
LdBPK_261810.1	LBRM2903_230029800	60.4	498	175
LdBPK_281370.1	LBRM2903_280019900	60.4	1123	439
LdBPK_310810.1	LBRM2903_310016900	60.4	273	80
LdBPK_311360.1	LBRM2903_310024500	60.4	535	201
LdBPK_323620.1	LBRM2903_320045800	60.4	111	40
LdBPK_350480.1	LBRM2903_340010200	60.4	1785	531
LdBPK_350930.1	LBRM2903_340014700	60.4	1397	502
LdBPK_352460.1	LBRM2903_340031100	60.4	427	168
LdBPK_060840.1	LBRM2903_060014600	60.3	3650	1339
LdBPK_180920.1	LBRM2903_180015500	60.3	633	174
LdBPK_271670.1	LBRM2903_270024900	60.3	156	62
LdBPK_281870.1	LBRM2903_280025500	60.3	892	325
LdBPK_290290.1	LBRM2903_270029100	60.3	484	187
LdBPK_342680.1	LBRM2903_200036000	60.3	655	244
LdBPK_010560.1	LBRM2903_010010900	60.2	726	221
LdBPK_040890.1	LBRM2903_040015900	60.2	1114	320
LdBPK_131190.1	LBRM2903_130017100	60.2	942	356
LdBPK_150550.1	LBRM2903_150011400	60.2	1860	612
LdBPK_211750.1	LBRM2903_210022900	60.2	1454	449
LdBPK_241840.1	LBRM2903_240026100	60.2	113	45
LdBPK_282870.1	LBRM2903_320041300	60.2	304	119
LdBPK_342120.1	LBRM2903_200029100	60.2	186	74
LdBPK_040150.1	LBRM2903_040006700	60.1	431	170
LdBPK_080650.1	LBRM2903_080010200	60.1	303	113
LdBPK_100420.1	LBRM2903_100008700	60.1	627	217
LdBPK_170500.1	LBRM2903_170010400	60.1	838	303
LdBPK_270810.1	LBRM2903_270016200	60.1	915	352
LdBPK_311020.1	LBRM2903_310020100	60.1	606	225
LdBPK_321740.1	LBRM2903_320024600	60.1	1169	458
LdBPK_330470.1	LBRM2903_330009700	60.1	286	114
LdBPK_341280.1	LBRM2903_200021200	60.1	592	234
LdBPK_341450.1	LBRM2903_200023000	60.1	1327	504
LdBPK_352650.1	LBRM2903_340033000	60.1	326	100
LdBPK_355100.1	LBRM2903_340061200	60.1	376	136
LdBPK_151480.1	LBRM2903_150021400	60	95	38
LdBPK_160670.1	LBRM2903_160013000	60	683	258
LdBPK_240060.1	LBRM2903_240005400	60	402	153
LdBPK_281510.1	LBRM2903_280021500	60	537	211
LdBPK_291320.1	LBRM2903_290019400	60	2256	766
LdBPK_181260.1	LBRM2903_180019100	59.9	813	304
LdBPK_280190.1	LBRM2903_280007400	59.9	514	206
LdBPK_091240.1	LBRM2903_090018800	59.8	614	224
LdBPK_120360.1	LBRM2903_120009300	59.8	410	141
LdBPK_282680.1	LBRM2903_280033800	59.8	523	194
LdBPK_301380.1	LBRM2903_300020000	59.8	1726	649
LdBPK_331460.1	LBRM2903_330022100	59.8	433	151
LdBPK_160370.1	LBRM2903_160009200	59.7	714	238
LdBPK_160700.1	LBRM2903_160013300	59.7	864	318
LdBPK_261060.1	LBRM2903_260016000	59.7	1920	724
LdBPK_340810.1	LBRM2903_200013900	59.7	216	83
LdBPK_352720.1	LBRM2903_340033900	59.7	72	29
LdBPK_362910.1	LBRM2903_350038300	59.7	755	292
LdBPK_070690.1	LBRM2903_070013400	59.6	287	92
LdBPK_160330.1	LBRM2903_160008900	59.6	1311	445
LdBPK_220230.1	LBRM2903_220008500	59.6	245	80
LdBPK_331530.1	LBRM2903_330022800	59.6	683	254
LdBPK_353600.1	LBRM2903_340043900	59.6	587	235
LdBPK_040840.1	LBRM2903_040015100	59.5	652	181
LdBPK_120275.1	LBRM2903_120008600	59.5	3292	1042
LdBPK_161050.1	LBRM2903_160018200	59.5	220	81
LdBPK_180390.1	LBRM2903_180009100	59.5	1750	687
LdBPK_181430.1	LBRM2903_180021000	59.5	2073	754
LdBPK_200920.1	LBRM2903_200065300	59.5	284	102
LdBPK_220070.1	LBRM2903_220007200	59.5	79	32
LdBPK_231090.1	LBRM2903_230018700	59.5	2902	1126
LdBPK_241920.1	LBRM2903_240026900	59.5	412	159
LdBPK_323290.1	LBRM2903_320041900	59.5	1514	604
LdBPK_350490.1	LBRM2903_340010300	59.5	459	180
LdBPK_010810.1	LBRM2903_010013800	59.4	475	139
LdBPK_040390.1	LBRM2903_040009100	59.4	1122	391
LdBPK_140630.1	LBRM2903_140011500	59.4	502	158
LdBPK_250970.1	LBRM2903_250017100	59.4	552	213
LdBPK_251110.1	LBRM2903_250018900	59.4	876	332
LdBPK_251300.1	LBRM2903_250021900	59.4	406	155
LdBPK_271760.1	LBRM2903_270026500	59.4	778	289
LdBPK_290470.1	LBRM2903_290010700	59.4	668	269
LdBPK_322170.1	LBRM2903_320029000	59.4	812	320
LdBPK_322750.1	LBRM2903_320036000	59.4	716	282
LdBPK_363300.1	LBRM2903_350042500	59.4	483	113
LdBPK_030700.1	LBRM2903_030012100	59.3	1136	345
LdBPK_071100.1	LBRM2903_070018900	59.3	2503	833
LdBPK_230380.1	LBRM2903_230009400	59.3	108	44
LdBPK_240590.1	LBRM2903_240011600	59.3	356	144
LdBPK_310290.1	LBRM2903_310010400	59.3	194	70
LdBPK_350170.1	LBRM2903_340007100	59.3	337	137
LdBPK_354930.1	LBRM2903_340058700	59.3	1018	382
LdBPK_060540.1	LBRM2903_060011100	59.2	1942	609
LdBPK_090150.1	LBRM2903_090006400	59.2	1065	391
LdBPK_130580.1	LBRM2903_130010700	59.2	1061	405
LdBPK_150660.1	LBRM2903_150012600	59.2	959	353
LdBPK_191150.1	LBRM2903_190019300	59.2	333	127
LdBPK_240660.1	LBRM2903_240012300	59.2	1019	347
LdBPK_250340.1	LBRM2903_250008600	59.2	704	266
LdBPK_281160.1	LBRM2903_280017300	59.2	1530	608
LdBPK_302770.1	LBRM2903_300033800	59.2	76	31
LdBPK_311390.1	LBRM2903_310024800	59.2	1416	555
LdBPK_343420.1	LBRM2903_200046200	59.2	130	42
LdBPK_020180.1	LBRM2903_020006500	59.1	364	53
LdBPK_020380.1	LBRM2903_020009700	59.1	540	193
LdBPK_110250.1	LBRM2903_190005300	59.1	940	336
LdBPK_181220.1	LBRM2903_180018800	59.1	274	108
LdBPK_312540.1	LBRM2903_310037200	59.1	364	148
LdBPK_323650.1	LBRM2903_320046300	59.1	558	220
LdBPK_332820.1	LBRM2903_330037500	59.1	848	323
LdBPK_361990.1	LBRM2903_350027400	59.1	438	154
LdBPK_100950.1	LBRM2903_100018500	59	1148	397
LdBPK_150160.1	LBRM2903_150006700	59	844	300
LdBPK_160620.1	LBRM2903_160012400	59	1156	433
LdBPK_250410.1	LBRM2903_250009300	59	100	41
LdBPK_262050.1	LBRM2903_260024400	59	897	350
LdBPK_312150.1	LBRM2903_310032700	59	100	41
LdBPK_340530.1	LBRM2903_200011000	59	134	55
LdBPK_340540.1	LBRM2903_200011200	59	1456	568
LdBPK_342830.1	LBRM2903_200037800	59	607	246
LdBPK_352340.1	LBRM2903_340029700	59	966	385
LdBPK_353570.1	LBRM2903_340043600	59	561	173
LdBPK_040220.1	LBRM2903_040007300	58.9	263	100
LdBPK_201470.1	LBRM2903_200071400	58.9	1188	394
LdBPK_211240.1	LBRM2903_210016900	58.9	2083	795
LdBPK_060870.1	LBRM2903_060014900	58.8	245	81
LdBPK_090680.1	LBRM2903_090012000	58.8	992	347
LdBPK_110290.1	LBRM2903_110021800	58.8	464	188
LdBPK_161320.1	LBRM2903_160020700	58.8	2319	800
LdBPK_260060.1	LBRM2903_260005600	58.8	267	108
LdBPK_302010.1	LBRM2903_300025600	58.8	80	33
LdBPK_310990.1	LBRM2903_310019700	58.8	420	172
LdBPK_311730.1	LBRM2903_310028600	58.8	712	286
LdBPK_331070.1	LBRM2903_330017100	58.8	971	373
LdBPK_331330.1	LBRM2903_330019800	58.8	769	300
LdBPK_343430.1	LBRM2903_200046300	58.8	114	38
LdBPK_351190.1	LBRM2903_340013900	58.8	1179	444
LdBPK_020310.1	LBRM2903_020009100	58.7	991	372
LdBPK_030400.1	LBRM2903_030008900	58.7	1761	598
LdBPK_060800.1	LBRM2903_060014300	58.7	1903	650
LdBPK_080600.1	LBRM2903_080010800	58.7	167	62
LdBPK_270830.1	LBRM2903_270016400	58.7	322	117
LdBPK_364560.1	LBRM2903_350056700	58.7	671	262
LdBPK_367230.1	LBRM2903_350085800	58.7	707	290
LdBPK_030810.1	LBRM2903_030013100	58.6	2982	991
LdBPK_190700.1	LBRM2903_190016000	58.6	2086	787
LdBPK_311560.1	LBRM2903_310026900	58.6	2180	824
LdBPK_321960.1	LBRM2903_320026900	58.6	633	226
LdBPK_343740.1	LBRM2903_200049300	58.6	541	223
LdBPK_050220.1	LBRM2903_050007100	58.5	697	232
LdBPK_150570.1	LBRM2903_150011600	58.5	1555	591
LdBPK_310550.1	LBRM2903_310013800	58.5	679	275
LdBPK_320160.1	LBRM2903_320006900	58.5	386	152
LdBPK_332580.1	LBRM2903_330035000	58.5	1616	651
LdBPK_361370.1	LBRM2903_350020300	58.5	419	173
LdBPK_040620.1	LBRM2903_040012400	58.4	339	140
LdBPK_060880.1	LBRM2903_060015000	58.4	3649	1345
LdBPK_070770.1	LBRM2903_070014600	58.4	1562	628
LdBPK_241190.1	LBRM2903_240017900	58.4	1034	402
LdBPK_321680.1	LBRM2903_320024000	58.4	668	276
LdBPK_363790.1	LBRM2903_350048700	58.4	296	116
LdBPK_366260.1	LBRM2903_350074500	58.4	791	319
LdBPK_090010.1	LBRM2903_090005000	58.3	144	60
LdBPK_091170.1	LBRM2903_090018100	58.3	458	190
LdBPK_180750.1	LBRM2903_180013800	58.3	544	182
LdBPK_250890.1	LBRM2903_250016300	58.3	1136	428
LdBPK_260920.1	LBRM2903_260014400	58.3	573	193
LdBPK_261840.1	LBRM2903_230029500	58.3	987	407
LdBPK_280930.1	LBRM2903_280014500	58.3	96	40
LdBPK_321100.1	LBRM2903_320017200	58.3	580	242
LdBPK_322910.1	LBRM2903_320037900	58.3	960	385
LdBPK_030330.1	LBRM2903_030008400	58.2	1519	506
LdBPK_161180.1	LBRM2903_160019400	58.2	685	169
LdBPK_181390.1	LBRM2903_180020600	58.2	970	368
LdBPK_200680.1	LBRM2903_200062600	58.2	1222	424
LdBPK_220790.1	LBRM2903_220014300	58.2	920	304
LdBPK_230670.1	LBRM2903_230014200	58.2	3544	1178
LdBPK_240820.1	LBRM2903_240014100	58.2	613	231
LdBPK_352800.1	LBRM2903_340034700	58.2	586	244
LdBPK_190450.1	LBRM2903_190012300	58.1	953	392
LdBPK_261240.1	LBRM2903_260017900	58.1	1473	560
LdBPK_362140.1	LBRM2903_320026700	58.1	527	220
LdBPK_362570.1	LBRM2903_350033600	58.1	253	105
LdBPK_030540.1	LBRM2903_030010400	58	734	266
LdBPK_050930.1	LBRM2903_050015100	58	486	151
LdBPK_180710.1	LBRM2903_180013000	58	1623	597
LdBPK_211620.1	LBRM2903_210021700	58	1059	425
LdBPK_313110.1	LBRM2903_310043700	58	193	73
LdBPK_313120.1	LBRM2903_310043900	58	455	191
LdBPK_323920.1	LBRM2903_320049700	58	100	42
LdBPK_361590.1	LBRM2903_350022900	58	505	191
LdBPK_050940.1	LBRM2903_050015200	57.9	1288	445
LdBPK_060970.1	LBRM2903_060016100	57.9	617	222
LdBPK_101060.1	LBRM2903_100019600	57.9	121	51
LdBPK_161290.1	LBRM2903_160020400	57.9	2247	783
LdBPK_250930.1	LBRM2903_250016700	57.9	340	131
LdBPK_301860.1	LBRM2903_300024100	57.9	1312	509
LdBPK_310690.1	LBRM2903_310015600	57.9	1917	769
LdBPK_311540.1	LBRM2903_310017800	57.9	1743	647
LdBPK_312530.1	LBRM2903_310037100	57.9	195	81
LdBPK_321240.1	LBRM2903_320018600	57.9	665	274
LdBPK_324000.1	LBRM2903_320050600	57.9	290	119
LdBPK_362130.1	LBRM2903_320026700	57.9	527	221
LdBPK_080800.1	LBRM2903_080014300	57.8	313	107
LdBPK_220660.1	LBRM2903_220011800	57.8	1627	566
LdBPK_240750.1	LBRM2903_240013400	57.8	1082	436
LdBPK_240980.1	LBRM2903_240015700	57.8	1010	384
LdBPK_050470.1	LBRM2903_050009900	57.7	239	57
LdBPK_100180.1	LBRM2903_100006800	57.7	679	264
LdBPK_120700.1	LBRM2903_200078500	57.7	1314	512
LdBPK_161460.1	LBRM2903_160022100	57.7	985	309
LdBPK_300390.1	LBRM2903_300010400	57.7	239	96
LdBPK_322040.1	LBRM2903_320027700	57.7	792	323
LdBPK_343540.1	LBRM2903_200047300	57.7	442	184
LdBPK_350500.1	LBRM2903_340010300	57.7	130	45
LdBPK_354090.1	LBRM2903_340049700	57.7	397	157
LdBPK_080270.1	LBRM2903_080007900	57.6	434	169
LdBPK_090840.1	LBRM2903_090013900	57.6	1320	451
LdBPK_171110.1	LBRM2903_170018100	57.6	323	137
LdBPK_190100.1	LBRM2903_190008800	57.6	243	97
LdBPK_312510.1	LBRM2903_310036900	57.6	198	82
LdBPK_340470.1	LBRM2903_200010100	57.6	929	347
LdBPK_364970.1	LBRM2903_350060800	57.6	1401	563
LdBPK_282020.1	LBRM2903_280027100	57.5	581	242
LdBPK_313240.1	LBRM2903_310045800	57.5	847	340
LdBPK_330280.1	LBRM2903_310012100	57.5	341	80
LdBPK_150360.1	LBRM2903_150008700	57.4	632	235
LdBPK_321710.1	LBRM2903_320024300	57.4	256	103
LdBPK_343970.1	LBRM2903_200052000	57.4	460	195
LdBPK_120150.1	LBRM2903_120006600	57.3	1320	458
LdBPK_150620.1	LBRM2903_150012200	57.3	1202	461
LdBPK_170310.1	LBRM2903_170008200	57.3	796	323
LdBPK_171280.1	LBRM2903_170020000	57.3	733	298
LdBPK_281320.1	LBRM2903_280019400	57.3	790	313
LdBPK_282490.1	LBRM2903_280031600	57.3	937	365
LdBPK_331090.1	LBRM2903_330017300	57.3	117	47
LdBPK_332080.1	LBRM2903_330029400	57.3	553	207
LdBPK_080350.1	LBRM2903_080008800	57.2	1841	713
LdBPK_080870.1	LBRM2903_080015000	57.2	600	243
LdBPK_333130.1	LBRM2903_330040700	57.2	1597	625
LdBPK_350820.1	LBRM2903_340013600	57.2	1028	355
LdBPK_360740.1	LBRM2903_350013300	57.2	950	391
LdBPK_040230.1	LBRM2903_040007400	57.1	317	108
LdBPK_070600.1	LBRM2903_070012500	57.1	1925	737
LdBPK_150590.1	LBRM2903_150011800	57.1	322	137
LdBPK_280950.1	LBRM2903_280014700	57.1	487	200
LdBPK_320880.1	LBRM2903_320014400	57.1	266	111
LdBPK_332570.1	LBRM2903_330034900	57.1	497	205
LdBPK_330820.1	LBRM2903_330013600	57	400	154
LdBPK_170150.1	LBRM2903_170006300	56.9	72	31
LdBPK_231150.1	LBRM2903_230020100	56.9	306	128
LdBPK_260740.1	LBRM2903_260012600	56.9	325	140
LdBPK_260970.1	LBRM2903_260014900	56.9	195	80
LdBPK_311120.1	LBRM2903_310021300	56.9	209	90
LdBPK_311370.1	LBRM2903_310024600	56.9	538	200
LdBPK_364550.1	LBRM2903_350056600	56.9	555	226
LdBPK_030440.1	LBRM2903_030009300	56.8	1092	372
LdBPK_191020.1	LBRM2903_190013900	56.8	1385	522
LdBPK_251080.1	LBRM2903_250018500	56.8	987	328
LdBPK_262190.1	LBRM2903_260025800	56.8	1600	592
LdBPK_080590.1	LBRM2903_080010900	56.7	178	71
LdBPK_211040.1	LBRM2903_210015400	56.7	901	369
LdBPK_220210.1	LBRM2903_220008400	56.7	1139	422
LdBPK_312750.1	LBRM2903_310039500	56.7	453	192
LdBPK_354560.1	LBRM2903_340055000	56.7	194	73
LdBPK_100710.1	LBRM2903_100016100	56.6	1669	534
LdBPK_170390.1	LBRM2903_170009000	56.6	136	59
LdBPK_272060.1	LBRM2903_270030300	56.6	1016	265
LdBPK_281830.1	LBRM2903_280025000	56.6	1856	743
LdBPK_310700.1	LBRM2903_310015700	56.6	1215	460
LdBPK_050710.1	LBRM2903_050012700	56.5	1459	525
LdBPK_160710.1	LBRM2903_160013500	56.5	554	239
LdBPK_201060.1	LBRM2903_200066700	56.5	967	392
LdBPK_231710.1	LBRM2903_230026200	56.5	294	124
LdBPK_301850.1	LBRM2903_300024000	56.5	503	200
LdBPK_312270.1	LBRM2903_310034200	56.5	485	201
LdBPK_341020.1	LBRM2903_200016600	56.5	131	57
LdBPK_353700.1	LBRM2903_340045400	56.5	92	40
LdBPK_150630.1	LBRM2903_150012300	56.4	1263	477
LdBPK_250800.1	LBRM2903_250015400	56.4	390	158
LdBPK_312130.1	LBRM2903_310032500	56.4	484	128
LdBPK_190280.1	LBRM2903_190010700	56.3	87	38
LdBPK_261410.1	LBRM2903_260019600	56.3	579	204
LdBPK_330220.1	LBRM2903_330007100	56.3	913	391
LdBPK_341970.1	LBRM2903_200027700	56.3	935	405
LdBPK_355350.1	LBRM2903_340060200	56.3	528	230
LdBPK_050690.1	LBRM2903_050012400	56.2	2888	886
LdBPK_120420.1	LBRM2903_120010700	56.2	665	272
LdBPK_200690.1	LBRM2903_200062800	56.2	1224	494
LdBPK_302610.1	LBRM2903_300032200	56.2	707	287
LdBPK_364870.1	LBRM2903_350059700	56.2	587	255
LdBPK_366270.1	LBRM2903_350074600	56.2	671	250
LdBPK_060030.1	LBRM2903_060005600	56	430	179
LdBPK_100930.1	LBRM2903_100018300	56	1183	498
LdBPK_150790.1	LBRM2903_150016500	56	316	117
LdBPK_171590.1	LBRM2903_170023900	56	243	101
LdBPK_210520.1	LBRM2903_210009600	56	737	274
LdBPK_366400.1	LBRM2903_350076100	56	780	327
LdBPK_030430.1	LBRM2903_030009200	55.9	1748	558
LdBPK_110740.1	LBRM2903_110010200	55.9	1322	521
LdBPK_292330.1	LBRM2903_290028800	55.9	338	145
LdBPK_331310.1	LBRM2903_330019600	55.9	401	135
LdBPK_340190.1	LBRM2903_200006500	55.9	622	270
LdBPK_366750.1	LBRM2903_350081000	55.9	454	180
LdBPK_090590.1	LBRM2903_090011100	55.8	1133	449
LdBPK_091370.1	LBRM2903_090020200	55.8	208	85
LdBPK_190590.1	LBRM2903_190014800	55.8	1620	680
LdBPK_211200.1	LBRM2903_210016500	55.8	1460	619
LdBPK_311400.1	LBRM2903_310024900	55.8	926	343
LdBPK_321440.1	LBRM2903_320021500	55.8	362	92
LdBPK_343550.1	LBRM2903_200047400	55.8	527	221
LdBPK_351370.1	LBRM2903_340019100	55.8	414	181
LdBPK_352700.1	LBRM2903_340033500	55.8	670	281
LdBPK_010780.1	LBRM2903_010013600	55.7	158	44
LdBPK_282900.1	LBRM2903_280036400	55.7	470	168
LdBPK_341790.1	LBRM2903_200025700	55.7	415	182
LdBPK_070340.1	LBRM2903_070007200	55.6	2123	852
LdBPK_181410.1	LBRM2903_180020800	55.6	1134	456
LdBPK_281220.1	LBRM2903_280018000	55.6	252	106
LdBPK_333390.1	LBRM2903_330043900	55.5	137	60
LdBPK_030490.1	LBRM2903_030009900	55.4	2706	917
LdBPK_041150.1	LBRM2903_040019100	55.4	303	132
LdBPK_090320.1	LBRM2903_090008900	55.4	912	316
LdBPK_210060.1	LBRM2903_210005100	55.4	231	103
LdBPK_282630.1	LBRM2903_280033200	55.4	399	176
LdBPK_310840.1	LBRM2903_310017200	55.4	634	275
LdBPK_311260.1	LBRM2903_310022900	55.4	1335	492
LdBPK_322560.1	LBRM2903_320033800	55.4	2587	1103
LdBPK_330980.1	LBRM2903_330016000	55.4	502	223
LdBPK_262370.1	LBRM2903_260027800	55.3	866	366
LdBPK_366070.1	LBRM2903_350072400	55.3	499	223
LdBPK_061270.1	LBRM2903_060019500	55.2	793	313
LdBPK_120070r.1	LBRM2903_200076900	55.2	913	377
LdBPK_171300.1	LBRM2903_170020300	55.2	854	351
LdBPK_280230.1	LBRM2903_280007900	55.2	328	139
LdBPK_010170.1	LBRM2903_010006600	55.1	394	161
LdBPK_060710.1	LBRM2903_060012600	55.1	410	153
LdBPK_080630.1	LBRM2903_080010400	55.1	2335	796
LdBPK_231020.1	LBRM2903_230017900	55.1	443	191
LdBPK_261170.1	LBRM2903_260017100	55.1	1827	613
LdBPK_013340.1	LBRM2903_310037900	55.1	606	244
LdBPK_080660.1	LBRM2903_080010000	55	307	120
LdBPK_301960.1	LBRM2903_300025100	55	411	184
LdBPK_344040.1	LBRM2903_200052700	55	502	204
LdBPK_231700.1	LBRM2903_230026100	54.9	463	184
LdBPK_301790.1	LBRM2903_170015500	54.9	628	232
LdBPK_312050.1	LBRM2903_310031000	54.9	621	256
LdBPK_312200.1	LBRM2903_310033500	54.9	1055	433
LdBPK_322530.1	LBRM2903_320033100	54.9	650	225
LdBPK_341640.1	LBRM2903_200019000	54.9	388	160
LdBPK_090630.1	LBRM2903_090011500	54.8	283	128
LdBPK_120750.1	LBRM2903_200077700	54.8	629	268
LdBPK_271260.1	LBRM2903_270020400	54.8	361	162
LdBPK_282670.1	LBRM2903_280033600	54.8	299	131
LdBPK_311340.1	LBRM2903_310018400	54.8	1622	703
LdBPK_323710.1	LBRM2903_320047300	54.8	451	193
LdBPK_220560.1	LBRM2903_240009700	54.7	620	261
LdBPK_301980.1	LBRM2903_300025300	54.7	139	49
LdBPK_073400.1	LBRM2903_310019100	54.7	53	24
LdBPK_332310.1	LBRM2903_330032200	54.7	764	318
LdBPK_130200.1	LBRM2903_130007100	54.6	577	256
LdBPK_180770.1	LBRM2903_180014000	54.6	1785	682
LdBPK_190600.1	LBRM2903_190014900	54.6	689	248
LdBPK_200640.1	LBRM2903_200062100	54.6	610	218
LdBPK_332460.1	LBRM2903_330033800	54.6	1068	478
LdBPK_020490.1	LBRM2903_020010900	54.5	1357	550
LdBPK_191300.1	LBRM2903_190021100	54.5	977	421
LdBPK_261830.1	LBRM2903_230029600	54.5	585	252
LdBPK_262060.1	LBRM2903_260024500	54.5	1116	475
LdBPK_322710.1	LBRM2903_320035500	54.5	771	335
LdBPK_342520.1	LBRM2903_200033100	54.5	574	239
LdBPK_230940.1	LBRM2903_230017500	54.4	1424	555
LdBPK_240380.1	LBRM2903_240008800	54.4	1007	409
LdBPK_362240.1	LBRM2903_350030100	54.4	794	338
LdBPK_100440.1	LBRM2903_100009900	54.3	477	207
LdBPK_271700.1	LBRM2903_270025600	54.3	1796	746
LdBPK_366480.1	LBRM2903_350076900	54.3	1244	521
LdBPK_020460.1	LBRM2903_020010500	54.2	736	291
LdBPK_281670.1	LBRM2903_280023200	54.2	871	354
LdBPK_312730.1	LBRM2903_310039300	54.2	480	219
LdBPK_341010.1	LBRM2903_200016600	54.2	168	77
LdBPK_071010.1	LBRM2903_070017800	54.1	1504	589
LdBPK_211020.1	LBRM2903_210015100	54.1	1622	681
LdBPK_242240.1	LBRM2903_240029900	54.1	133	60
LdBPK_300960.1	LBRM2903_300015800	54.1	690	301
LdBPK_341150.1	LBRM2903_200055600	54.1	170	78
LdBPK_140180.1	LBRM2903_130006000	54	504	231
LdBPK_200970.1	LBRM2903_200065900	54	3424	1214
LdBPK_250880.1	LBRM2903_250016200	54	1212	446
LdBPK_333160.1	LBRM2903_330041000	54	882	336
LdBPK_030270.1	LBRM2903_030007900	53.9	1051	383
LdBPK_312900.1	LBRM2903_310041500	53.9	243	111
LdBPK_010770.1	LBRM2903_010013300	53.8	251	100
LdBPK_271270.1	LBRM2903_270020500	53.8	329	122
LdBPK_311470.1	LBRM2903_310026000	53.8	78	36
LdBPK_333150.1	LBRM2903_330040900	53.8	355	115
LdBPK_030790.1	LBRM2903_030012900	53.7	2574	789
LdBPK_080390.1	LBRM2903_080009400	53.7	1973	828
LdBPK_330840.1	LBRM2903_330014500	53.7	1699	746
LdBPK_341260.1	LBRM2903_200021000	53.7	495	216
LdBPK_040610.1	LBRM2903_040012300	53.6	1378	432
LdBPK_071050.1	LBRM2903_070018000	53.6	1359	573
LdBPK_030800.1	LBRM2903_030013000	53.5	1101	386
LdBPK_190870.1	LBRM2903_100008700	53.5	632	266
LdBPK_191350.1	LBRM2903_190022100	53.5	71	32
LdBPK_221180.1	LBRM2903_220018700	53.4	339	127
LdBPK_251030.1	LBRM2903_250017800	53.4	294	125
LdBPK_120460.1	LBRM2903_120010800	53.3	1511	609
LdBPK_140850.1	LBRM2903_140013300	53.3	2814	1154
LdBPK_220110.1	LBRM2903_220007600	53.3	321	149
LdBPK_280270.1	LBRM2903_280010500	53.3	227	97
LdBPK_342960.1	LBRM2903_200040000	53.3	403	181
LdBPK_354280.1	LBRM2903_340051600	53.3	137	63
LdBPK_030260.1	LBRM2903_030007700	53.2	231	95
LdBPK_040830.1	LBRM2903_040014900	53.2	624	230
LdBPK_080620.1	LBRM2903_080010600	53.2	141	66
LdBPK_110940.1	LBRM2903_110014100	53.2	735	279
LdBPK_150920.1	LBRM2903_150014800	53.2	327	118
LdBPK_364920.1	LBRM2903_350060200	53.2	1811	802
LdBPK_190510.1	LBRM2903_190013000	53.1	1606	615
LdBPK_262120.1	LBRM2903_260025100	53.1	4227	1788
LdBPK_060440.1	LBRM2903_060010000	53	336	157
LdBPK_060930.1	LBRM2903_060015600	53	1905	785
LdBPK_332810.1	LBRM2903_330037400	53	1246	506
LdBPK_361880.1	LBRM2903_350026300	53	247	116
LdBPK_161030.1	LBRM2903_160018200	52.9	227	79
LdBPK_170490.1	LBRM2903_170010200	52.9	1909	735
LdBPK_310760.1	LBRM2903_310016500	52.9	87	41
LdBPK_332320.1	LBRM2903_330032300	52.9	391	176
LdBPK_342600.1	LBRM2903_200033600	52.9	342	152
LdBPK_351630.1	LBRM2903_340021700	52.9	403	115
LdBPK_360060.1	LBRM2903_350006500	52.9	138	63
LdBPK_260630.1	LBRM2903_260011500	52.8	377	176
LdBPK_352480.1	LBRM2903_340031300	52.8	515	243
LdBPK_353240.1	LBRM2903_340039700	52.8	909	402
LdBPK_364370.1	LBRM2903_350054700	52.8	335	144
LdBPK_080780.1	LBRM2903_100024200	52.7	182	85
LdBPK_170960.1	LBRM2903_170017200	52.7	148	50
LdBPK_171270.1	LBRM2903_170019900	52.7	621	258
LdBPK_201780.1	LBRM2903_200075100	52.7	112	53
LdBPK_241480.1	LBRM2903_240021400	52.7	821	354
LdBPK_321580.1	LBRM2903_320022900	52.7	167	65
LdBPK_080720.1	LBRM2903_180009600	52.6	173	80
LdBPK_120440.1	LBRM2903_120010500	52.6	601	282
LdBPK_131430.1	LBRM2903_110009100	52.6	612	261
LdBPK_150890.1	LBRM2903_150015000	52.6	884	324
LdBPK_201300.1	LBRM2903_200069700	52.6	842	340
LdBPK_301830.1	LBRM2903_170015000	52.6	836	381
LdBPK_333190.1	LBRM2903_330041500	52.6	1066	417
LdBPK_333400.1	LBRM2903_330044000	52.6	466	204
LdBPK_351040.1	LBRM2903_340016100	52.6	437	200
LdBPK_366210.1	LBRM2903_350074000	52.6	392	180
LdBPK_030530.1	LBRM2903_030010300	52.5	1480	603
LdBPK_060790.1	LBRM2903_060013900	52.5	591	277
LdBPK_150390.1	LBRM2903_150009000	52.5	61	28
LdBPK_241020.1	LBRM2903_240016100	52.5	545	244
LdBPK_301930.1	LBRM2903_300024800	52.5	1199	487
LdBPK_362250.1	LBRM2903_350030200	52.5	1110	478
LdBPK_050530.1	LBRM2903_050010500	52.4	1115	432
LdBPK_270900.1	LBRM2903_270017100	52.4	420	198
LdBPK_191130.1	LBRM2903_190019000	52.3	828	289
LdBPK_211730.1	LBRM2903_210022700	52.3	677	304
LdBPK_365990.1	LBRM2903_350071500	52.3	728	308
LdBPK_250040.1	LBRM2903_250005400	52.2	1262	580
LdBPK_312180.1	LBRM2903_310033300	52.2	772	345
LdBPK_312300.1	LBRM2903_310034400	52.2	450	209
LdBPK_354750.1	LBRM2903_340057100	52.2	67	32
LdBPK_271020.1	LBRM2903_270018300	52.1	589	241
LdBPK_360850.1	LBRM2903_350014700	52.1	560	266
LdBPK_271080.1	LBRM2903_270018900	52	423	193
LdBPK_060830.1	LBRM2903_060014500	51.9	1661	710
LdBPK_180970.1	LBRM2903_180016000	51.8	2000	707
LdBPK_241290.1	LBRM2903_240019000	51.8	168	79
LdBPK_312480.1	LBRM2903_310036500	51.8	1232	578
LdBPK_332140.1	LBRM2903_330030100	51.8	735	304
LdBPK_341700.1	LBRM2903_200055700	51.8	166	80
LdBPK_151300b.1	LBRM2903_150019500	51.7	1981	733
LdBPK_161080.1	LBRM2903_160018200	51.7	271	106
LdBPK_354290.1	LBRM2903_340051800	51.7	601	288
LdBPK_010570.1	LBRM2903_010011000	51.6	440	140
LdBPK_261440.1	LBRM2903_260020000	51.6	335	155
LdBPK_290540.1	LBRM2903_290011400	51.6	1750	745
LdBPK_291720.1	LBRM2903_290024000	51.6	702	330
LdBPK_292540.1	LBRM2903_290030800	51.6	774	334
LdBPK_311840.1	LBRM2903_290023600	51.6	95	46
LdBPK_312290.1	LBRM2903_310034300	51.6	2030	908
LdBPK_030160.1	LBRM2903_030006700	51.5	136	66
LdBPK_201040.1	LBRM2903_200066500	51.5	340	161
LdBPK_220920.1	LBRM2903_220015700	51.5	2604	996
LdBPK_362200.1	LBRM2903_350029700	51.5	1293	557
LdBPK_211500.1	LBRM2903_210020100	51.4	502	226
LdBPK_241930.1	LBRM2903_240027100	51.4	551	249
LdBPK_332550.1	LBRM2903_330034700	51.4	173	84
LdBPK_044340.1	LBRM2903_200035800	51.4	181	87
LdBPK_341670.1	LBRM2903_130019600	51.4	185	90
LdBPK_030290.1	LBRM2903_030008000	51.3	1910	758
LdBPK_180930.1	LBRM2903_180015600	51.3	944	358
LdBPK_211920.1	LBRM2903_210024500	51.3	612	284
LdBPK_231170.1	LBRM2903_230020300	51.3	232	112
LdBPK_340550.1	LBRM2903_200011300	51.3	493	232
LdBPK_361550.1	LBRM2903_350022500	51.3	1278	535
LdBPK_131630.1	LBRM2903_130020500	51.2	252	121
LdBPK_120800.1	LBRM2903_200077100	51.1	380	150
LdBPK_311330.1	LBRM2903_310018100	51.1	1535	723
LdBPK_050770.1	LBRM2903_050013400	51	1381	564
LdBPK_101150.1	LBRM2903_100020700	51	575	279
LdBPK_321600.1	LBRM2903_320023200	51	500	237
LdBPK_332900.1	LBRM2903_330038400	51	862	377
LdBPK_341580.1	LBRM2903_200024600	51	946	422
LdBPK_361280.1	LBRM2903_350019400	51	198	82
LdBPK_361900.1	LBRM2903_350026500	51	894	411
LdBPK_070800.1	LBRM2903_070015000	50.9	587	273
LdBPK_262170.1	LBRM2903_260025500	50.8	1336	617
LdBPK_291520.1	LBRM2903_290021800	50.8	1276	574
LdBPK_341730.1	LBRM2903_200008700	50.8	177	80
LdBPK_040060.1	LBRM2903_040005800	50.7	544	250
LdBPK_040950.1	LBRM2903_040013700	50.7	213	12
LdBPK_050620.1	LBRM2903_050011500	50.7	442	151
LdBPK_161120.1	LBRM2903_160018600	50.7	623	262
LdBPK_321250.1	LBRM2903_320018700	50.7	574	261
LdBPK_140400.1	LBRM2903_140009100	50.6	310	152
LdBPK_191080.1	LBRM2903_190018600	50.6	1353	586
LdBPK_080220.1	LBRM2903_080007400	50.5	523	233
LdBPK_080790.1	LBRM2903_200018800	50.5	93	46
LdBPK_231550.1	LBRM2903_230024300	50.4	682	328
LdBPK_241430.1	LBRM2903_240019500	50.2	271	62
LdBPK_261490.1	LBRM2903_260020800	50.1	1613	599
LdBPK_361020.1	LBRM2903_350016600	50.1	700	340
LdBPK_080670.1	LBRM2903_310030000	50	500	224
LdBPK_080750.1	LBRM2903_200034400	50	100	49
LdBPK_120430.1	LBRM2903_120010600	50	536	251
LdBPK_120860.1	LBRM2903_200076100	50	640	301
LdBPK_310740.1	LBRM2903_310016100	50	128	63
LdBPK_311410.1	LBRM2903_310025000	50	550	265
LdBPK_350830.1	LBRM2903_340013700	50	1239	403
LdBPK_341210.1	LBRM2903_200020100	49.9	2424	984
LdBPK_050700.1	LBRM2903_050012500	49.8	1258	554
LdBPK_313140.1	LBRM2903_310044400	49.8	814	377
LdBPK_331050.1	LBRM2903_330016800	49.8	201	70
LdBPK_080710.1	LBRM2903_200035800	49.7	189	91
LdBPK_271840.1	LBRM2903_270027600	49.7	344	172
LdBPK_250810.1	LBRM2903_250015500	49.6	361	119
LdBPK_364950.1	LBRM2903_350060600	49.5	1929	493
LdBPK_322080.1	LBRM2903_320028100	49.4	478	238
LdBPK_321620.1	LBRM2903_320023300	49.3	205	94
LdBPK_366520.1	LBRM2903_130006000	49.3	343	171
LdBPK_311780.1	LBRM2903_310029500	49.2	128	49
LdBPK_312500.1	LBRM2903_310036700	49.2	197	92
LdBPK_170460.1	LBRM2903_170009900	49.1	835	345
LdBPK_171560.1	LBRM2903_170023500	49.1	501	208
LdBPK_292590.1	LBRM2903_290031400	49.1	753	303
LdBPK_311910.1	LBRM2903_310030600	49.1	265	127
LdBPK_361520.1	LBRM2903_350022200	49.1	627	316
LdBPK_340710.1	LBRM2903_200013300	49	1028	207
LdBPK_361600.1	LBRM2903_350023200	49	365	183
LdBPK_362480.1	LBRM2903_300036200	49	351	158
LdBPK_302350.1	LBRM2903_300029300	48.9	1185	567
LdBPK_040490.1	LBRM2903_040010500	48.8	3148	1278
LdBPK_050760.1	LBRM2903_050013200	48.8	1498	495
LdBPK_110010.1	LBRM2903_190007900	48.8	168	86
LdBPK_090850.1	LBRM2903_090014000	48.7	1375	531
LdBPK_341690.1	LBRM2903_200055700	48.7	193	92
LdBPK_020150.1	LBRM2903_020006500	48.6	624	156
LdBPK_041030.1	LBRM2903_040017700	48.6	148	76
LdBPK_313130.1	LBRM2903_310044000	48.6	432	216
LdBPK_030830.1	LBRM2903_030013500	48.4	2418	799
LdBPK_292190.1	LBRM2903_290027000	48.4	376	170
LdBPK_311940.1	LBRM2903_310031400	48.4	862	427
LdBPK_050870.1	LBRM2903_050014400	48.3	1990	781
LdBPK_261110.1	LBRM2903_260016500	48.3	1781	782
LdBPK_343350.1	LBRM2903_200045500	48.2	1054	425
LdBPK_311320.1	LBRM2903_310018000	48.1	1028	521
LdBPK_140830.1	LBRM2903_140013100	47.9	397	180
LdBPK_292380.1	LBRM2903_290029300	47.9	307	158
LdBPK_312170.1	LBRM2903_310033100	47.9	338	158
LdBPK_333240.1	LBRM2903_330042200	47.9	1980	895
LdBPK_061150.1	LBRM2903_060018300	47.7	1126	518
LdBPK_160510.1	LBRM2903_160011200	47.7	199	101
LdBPK_170580.1	LBRM2903_170011200	47.6	801	401
LdBPK_292170.1	LBRM2903_290026700	47.5	709	365
LdBPK_333180.1	LBRM2903_330041200	47.5	982	470
LdBPK_341060.1	LBRM2903_260032200	47.5	1204	609
LdBPK_341160.1	LBRM2903_080013100	47.5	59	31
LdBPK_311980.1	LBRM2903_310031800	47.4	475	231
LdBPK_312240.1	LBRM2903_310034000	47.4	584	274
LdBPK_050730.1	LBRM2903_050012900	47.3	662	253
LdBPK_323480.1	LBRM2903_320043900	47.2	795	406
LdBPK_060470.1	LBRM2903_060010400	47.1	403	183
LdBPK_321650.1	LBRM2903_320023700	47.1	737	377
LdBPK_080500.1	LBRM2903_080012000	47	232	113
LdBPK_020300.1	LBRM2903_070018100	46.9	1131	480
LdBPK_010120.1	LBRM2903_010006100	46.8	656	263
LdBPK_210040.1	LBRM2903_240023900	46.8	79	42
LdBPK_050720.1	LBRM2903_050012800	46.7	1448	565
LdBPK_040500.1	LBRM2903_040010600	46.6	1611	736
LdBPK_040790.1	LBRM2903_040014000	46.6	1272	452
LdBPK_100360.1	LBRM2903_060020100	46.6	642	289
LdBPK_010650.1	LBRM2903_010011800	46.5	847	334
LdBPK_310870.1	LBRM2903_330023500	46.3	218	112
LdBPK_030760.1	LBRM2903_030012700	46.2	3305	1170
LdBPK_111230.1	LBRM2903_110018300	46.2	1172	537
LdBPK_120290.1	LBRM2903_120008800	46.2	2125	844
LdBPK_312250.1	LBRM2903_310034100	46.1	778	394
LdBPK_322340.1	LBRM2903_320031000	46.1	640	314
LdBPK_050380.1	LBRM2903_050008800	45.9	61	33
LdBPK_060690.1	LBRM2903_060012400	45.9	1341	600
LdBPK_140370.1	LBRM2903_140008900	45.9	484	220
LdBPK_010520.1	LBRM2903_010010500	45.6	701	367
LdBPK_091580.1	LBRM2903_090022100	45.6	79	41
LdBPK_080280.1	LBRM2903_080008000	45.5	888	382
LdBPK_131160.1	LBRM2903_130016700	45.5	191	99
LdBPK_322660.1	LBRM2903_320035000	45.5	825	443
LdBPK_080360.1	LBRM2903_080009000	45.3	1133	547
LdBPK_201030.1	LBRM2903_200066400	45.3	977	430
LdBPK_342640.1	LBRM2903_080013300	45.3	548	284
LdBPK_010700.1	LBRM2903_010012300	45.2	879	364
LdBPK_230840.1	LBRM2903_230012400	45.2	219	107
LdBPK_040900.1	LBRM2903_040016300	45.1	525	218
LdBPK_201090.1	LBRM2903_200066900	45.1	295	134
LdBPK_291340.1	LBRM2903_290019600	45.1	1761	785
LdBPK_130730.1	LBRM2903_130012300	45	1042	452
LdBPK_050840.1	LBRM2903_050014100	44.9	1594	605
LdBPK_201080.1	LBRM2903_200066800	44.9	1404	647
LdBPK_230230.1	LBRM2903_230008600	44.9	1298	678
LdBPK_040720.1	LBRM2903_040013400	44.8	710	342
LdBPK_060310.1	LBRM2903_060020100	44.8	616	318
LdBPK_201130.1	LBRM2903_200067400	44.8	1068	490
LdBPK_311080.1	LBRM2903_310021000	44.8	986	514
LdBPK_200410.1	LBRM2903_200059600	44.6	464	248
LdBPK_364130.1	LBRM2903_350052000	44.6	1099	378
LdBPK_080540.1	LBRM2903_080011500	44.4	1078	431
LdBPK_131310.1	LBRM2903_130018300	44.4	1075	386
LdBPK_231010.1	LBRM2903_230017700	44.3	357	198
LdBPK_090750.1	LBRM2903_090013000	44.1	467	187
LdBPK_161130.1	LBRM2903_160018800	44.1	2282	871
LdBPK_366560.1	LBRM2903_330007400	44.1	497	257
LdBPK_060680.1	LBRM2903_060012300	44	641	322
LdBPK_080510.1	LBRM2903_080011800	44	402	168
LdBPK_181670.1	LBRM2903_180023900	43.8	635	325
LdBPK_362420.1	LBRM2903_310046400	43.7	261	143
LdBPK_342390.1	LBRM2903_200031900	43.5	995	314
LdBPK_020140.1	LBRM2903_020006500	43.4	634	156
LdBPK_120180.1	LBRM2903_120007100	43.4	1169	518
LdBPK_150240.1	LBRM2903_280012600	43.2	317	147
LdBPK_100800.1	LBRM2903_100016900	42.7	2187	883
LdBPK_365480.1	LBRM2903_350066300	42.6	3028	975
LdBPK_030340.1	LBRM2903_030008500	42	1720	673
LdBPK_312220.1	LBRM2903_310033700	42	931	421
LdBPK_262180.1	LBRM2903_260025700	41.8	579	297
LdBPK_301500.1	LBRM2903_300021200	41.8	91	44
LdBPK_010530.1	LBRM2903_010010200	41.7	60	34
LdBPK_301440.1	LBRM2903_200074700	41.5	390	226
LdBPK_301910.1	LBRM2903_330033900	41.3	196	113
LdBPK_020440.1	LBRM2903_020010200	40.8	2842	1016
LdBPK_310850.1	LBRM2903_310017100	40.6	106	63
LdBPK_280600.1	LBRM2903_310032100	40.5	496	249
LdBPK_310830.1	LBRM2903_310017100	40.4	245	144
LdBPK_060810.1	LBRM2903_060014400	40.1	2836	1213
LdBPK_141500.1	LBRM2903_020006500	40	727	296
LdBPK_161010.1	LBRM2903_160018200	40	50	30
LdBPK_161060.1	LBRM2903_160018200	40	50	30
LdBPK_070700.1	LBRM2903_170012100	39.6	986	482
LdBPK_230630.1	LBRM2903_230012400	39.6	255	134
LdBPK_310860.1	LBRM2903_330023500	39.6	285	169
LdBPK_323840.1	LBRM2903_320048900	39.6	134	72
LdBPK_353630.1	LBRM2903_340045200	39.2	475	255
LdBPK_060080.1	LBRM2903_150014500	39.1	64	30
LdBPK_140870.1	LBRM2903_140016900	38.1	425	212
LdBPK_311290.1	LBRM2903_230008600	37.9	1335	689
LdBPK_302680.1	LBRM2903_190024600	37.3	284	175
LdBPK_110520.1	LBRM2903_130016200	37.2	538	283
LdBPK_301920.1	LBRM2903_330033900	37.2	121	76
LdBPK_050670.1	LBRM2903_050012100	37	1783	773
LdBPK_060090.1	LBRM2903_150014500	37	81	36
LdBPK_070910.1	LBRM2903_340017200	35.7	448	211
LdBPK_231340.1	LBRM2903_230021500	35.6	567	279
LdBPK_240370.1	LBRM2903_340013800	34.8	394	249
LdBPK_291350.1	LBRM2903_290020100	34.6	583	245
LdBPK_161570.1	LBRM2903_290017400	34.3	414	236
LdBPK_140020.1	LBRM2903_240028600	34.1	270	139
LdBPK_020540.1	LBRM2903_230030800	33.7	309	136
LdBPK_191370.1	LBRM2903_190022100	33.7	392	182
LdBPK_302970.1	LBRM2903_340005700	33.3	727	430
LdBPK_310440.1	LBRM2903_310011600	32.9	712	388
LdBPK_030970.1	LBRM2903_350073300	32.4	176	95
LdBPK_070950.1	LBRM2903_200010200	31.7	1064	650
LdBPK_020420.1	LBRM2903_020010100	31.3	284	173
LdBPK_364510.1	LBRM2903_330039100	31	213	111
LdBPK_311040.1	LBRM2903_310020200	30.5	766	405
LdBPK_220760.1	LBRM2903_350072900	30	240	138
LdBPK_340990.1	LBRM2903_180007900	29.3	184	112
LdBPK_312390.1	LBRM2903_330026000	28.1	437	210
LdBPK_240470.1	LBRM2903_270023800	27.8	126	89
LdBPK_190210.1	LBRM2903_150017100	26.4	235	143
LdBPK_170130.1	LBRM2903_350042800	25.9	901	539
LdBPK_010720.1	LBRM2903_300020800	25.8	89	56
LdBPK_252500.1	LBRM2903_270026600	25.6	711	415
LdBPK_170120.1	LBRM2903_350042800	25.4	914	580
LdBPK_333060.1	LBRM2903_330040000	22.7	779	520